Date,Rot,VH,Team,1st,2nd,3rd,4th,Final,Open,Close,ML,2H
830,133,V,SouthCarolina,7,3,0,7,17,6.5,6.5,-260,3.5
830,134,H,Vanderbilt,0,10,3,0,13,46.5,44,220,21
830,135,V,CentralFlorida,7,28,14,7,56,23.5,24.5,-1800,10
830,136,H,Akron,0,0,7,7,14,46.5,49.5,1150,21
830,137,V,EasternMichigan,0,13,0,13,26,55.5,55.5,130,28
830,138,H,BallState,10,3,21,3,37,3.5,3,-150,3
830,141,V,Massachusetts,0,0,0,0,0,45.5,47,791,20.5
830,142,H,Connecticut,7,13,7,10,37,25,21,-1075,10
830,143,V,UCLA,19,16,0,14,49,15.5,16,-630,8.5
830,144,H,Rice,10,14,0,0,24,56,60,465,30
830,145,V,WashingtonState,0,6,0,0,6,61,66,390,31
830,146,H,BYU,7,17,6,0,30,13.5,13,-490,6.5
830,147,V,MinnesotaU,0,7,0,6,30,8,9.5,-310,5.5
830,148,H,UNLV,3,0,7,3,27,50,52.5,255,24
830,301,V,Towson,0,7,0,14,21,NL,NL,NL,NL
830,302,H,KentState,17,10,7,7,41,8,7.5,NL,NL
830,303,V,SEMissouriSt,10,14,3,0,27,NL,NL,NL,NL
830,304,H,CentralMichigan,10,14,7,7,38,25,27.5,NL,NL
830,305,V,NO.Colorado,0,0,0,0,0,NL,NL,NL,NL
830,306,H,Utah,0,21,7,13,41,42,43,NL,NL
830,307,V,McNeeseSt,0,14,10,3,27,NL,NL,NL,NL
830,308,H,MiddleTennSt,3,3,0,15,21,7.5,7,NL,NL
830,309,V,SouthernUtah,0,3,0,0,3,NL,NL,NL,NL
830,310,H,UtahState,21,0,7,6,34,20.5,21,NL,NL
830,311,V,CSSacramento,0,10,9,0,19,NL,NL,NL,NL
830,312,H,NewMexicoState,7,21,0,21,49,6.5,7.5,NL,NL
830,313,V,EastWashington,3,7,3,7,20,NL,NL,NL,NL
830,314,H,Idaho,3,0,0,0,3,6,5,NL,NL
830,315,V,NorthernArizona,0,0,6,0,6,NL,NL,NL,NL
830,316,H,ArizonaState,14,28,7,14,63,30,24.5,NL,NL
831,151,V,TennesseeU,22,0,10,3,35,4,3,-150,pk
831,152,H,NCState,7,7,0,7,21,53,53,130,28
831,153,V,BoiseState,3,10,0,0,13,45.5,47,260,23
831,154,H,MichiganState,10,0,0,7,17,7,8.5,-330,7
831,155,V,SanJoseState,0,3,14,0,17,52,50,1500,23
831,156,H,Stanford,14,3,0,3,20,25.5,26.5,-2600,11.5
831,317,V,Villanova,3,7,0,0,10,NL,NL,NL,NL
831,318,H,Temple,7,21,7,6,41,19,18.5,NL,NL
831,319,V,Wagner,0,3,0,0,3,NL,NL,NL,NL
831,320,H,FloridaAtlantic,0,0,0,7,7,17,17,NL,NL
901,157,N,NotreDame,13,14,13,10,50,17,14.5,-624,7.5
901,158,N,Navy,0,3,7,0,10,58.5,51.5,501,23.5
901,159,V,Marshall,0,10,10,14,34,62,67.5,1725,31.5
901,160,H,WestVirginia,13,21,21,14,69,25.5,26.5,-2775,11.5
901,161,V,Ohio,0,3,14,7,24,44.5,44.5,191,21.5
901,162,H,PennState,7,7,0,0,14,6.5,6,-219,2
901,163,V,Northwestern,7,14,14,7,42,1,53.5,111,26
901,164,H,Syracuse,6,7,14,14,41,55,2,-125,3
901,165,V,MiamiOhio,3,0,7,0,10,47,50.5,1725,23.5
901,166,H,OhioState,0,21,14,21,56,23,25.5,-2775,11
901,167,V,WesternMichigan,0,0,7,0,7,52,50.5,325,22.5
901,168,H,Illinois,10,7,0,7,24,10,10,-370,4
901,169,V,Tulsa,16,0,0,7,23,55,1.5,-122,2
901,170,H,IowaState,7,17,7,7,38,pk,50.5,108,26.5
901,171,V,Nevada,13,1,7,10,31,54,56,348,28
901,172,H,California,0,7,10,7,24,11,12,-407,9.5
901,173,V,SouthernMiss,7,10,0,3,20,54,52,702,27
901,174,H,Nebraska,14,14,14,7,49,20.5,20.5,-948,9
901,175,V,MiamiFlorida,14,7,10,10,41,2,2,-130,0.5
901,176,H,BostonCollege,14,6,3,9,32,45.5,43.5,116,24
901,177,V,Iowa,3,3,3,9,18,6,7.5,-283,4
901,178,H,NoIllinois,0,10,7,0,17,55.5,47.5,252,23.5
901,179,V,Colorado,0,14,0,3,17,5,6,-214,2.5
901,180,H,ColoradoState,3,6,7,6,22,50,47.5,186,22.5
901,181,V,BuffaloU,6,10,0,7,23,52.5,55,26000,28
901,182,H,Georgia,14,10,7,14,45,37.5,38,-54000,14.5
901,183,V,BowlingGreen,7,0,7,0,14,50.5,47.5,2300,24
901,184,H,Florida,0,14,3,10,27,29,28.5,-3700,12.5
901,185,V,Wyoming,9,0,0,8,17,51.5,54.5,4900,27.5
901,186,H,Texas,7,17,7,6,37,28,31,-9100,13
901,187,V,TexasState,14,13,0,3,30,60,59,14950,31
901,188,H,HoustonU,10,0,3,0,13,36.5,34.5,-31050,14.5
901,189,V,Clemson,3,10,3,10,26,1,2,-127,pk
901,190,H,Auburn,7,3,6,3,19,59.5,54.5,113,27.5
901,191,V,Hawaii,0,0,10,0,10,64,62.5,29250,27
901,192,H,USC,20,15,7,7,49,37,43.5,-60750,19
901,193,N,Michigan,0,7,7,0,14,46,48.5,415,23.5
901,194,N,Alabama,21,10,3,7,41,11,13,-485,7
901,195,V,Rutgers,0,10,0,14,24,19,19.5,-901,9
901,196,H,Tulane,0,3,0,9,12,49,48.5,674,22.5
901,197,V,Oklahoma,7,0,3,14,24,29,29.5,-13650,13.5
901,198,H,UTEP,7,0,0,0,7,63,63,7350,28
901,199,V,Toledo,0,14,0,3,17,64,63.5,353,31.5
901,200,H,ArizonaU,3,7,7,0,24,9,10.5,-412,7
901,201,V,SanDiegoState,0,6,0,6,12,61.5,55.5,518,27.5
901,202,H,WashingtonU,14,0,7,0,21,12,16,-652,7.5
901,203,V,Troy,10,7,8,14,39,3,6,-224,1.5
901,204,H,UAB,0,7,10,12,29,58.5,63.5,196,31
901,205,V,FloridaIntl,7,7,0,12,26,49.5,53,131,0.5
901,206,H,Duke,7,30,7,2,46,3.5,3,-145,28
901,207,V,NorthTexas,0,7,0,7,14,52,52.5,26000,24.5
901,208,H,LSU,14,10,3,14,41,42.5,42,-54000,17.5
901,209,V,ArkansasState,0,10,10,14,34,67,70,13000,29
901,210,H,Oregon,29,21,0,7,57,35,38,-27000,14
901,217,V,TexSanAntonio,14,6,0,13,33,46,49,180,24.5
901,218,H,SouthAlabama,7,7,3,14,31,6,5,-205,3
901,321,V,AppalachianSt,7,3,3,0,13,NL,NL,450,NL
901,322,H,EastCarolina,0,14,7,14,35,18.5,14,-600,7
901,323,V,Elon,0,0,0,0,0,NL,NL,6500,NL
901,324,H,NorthCarolina,14,27,21,0,62,33.5,32.5,-16500,13
901,325,V,JacksonvilleSt,7,14,3,0,24,NL,NL,30000,NL
901,326,H,Arkansas,7,28,14,0,49,39,41,-90000,15.5
901,327,V,SouthDakotaSt,7,0,0,10,17,NL,NL,1350,NL
901,328,H,Kansas,7,3,14,7,31,20.5,23,-2300,11
901,329,V,MissouriSt,3,3,3,0,9,NL,NL,5250,NL
901,330,H,KansasState,3,6,7,35,51,33,34,-13000,14.5
901,331,V,IdahoSt,0,0,14,7,21,NL,NL,5500,NL
901,332,H,AirForce,7,21,14,7,49,36.5,31.5,-13500,13.5
901,333,V,William&Mary,6,0,0,0,6,NL,NL,475,NL
901,334,H,Maryland,0,0,0,7,7,19.5,14.5,-650,9.5
901,337,V,Richmond,0,6,6,7,19,NL,NL,1400,NL
901,338,H,Virginia,16,6,7,14,43,21.5,24,-2500,9.5
901,339,V,EasternKentucky,0,6,0,0,6,NL,NL,900,NL
901,340,H,Purdue,13,21,7,7,48,20.5,20.5,-1375,9
901,341,V,NorthernIowa,0,0,7,14,21,NL,NL,7000,NL
901,342,H,Wisconsin,3,10,6,7,26,33,32.5,-18500,14.5
901,343,V,MurraySt,0,3,0,0,3,44,NL,NL,NL
901,344,H,FloridaState,14,14,20,21,69,NL,44,NL,18.5
901,345,V,YoungstownSt,7,7,7,10,31,NL,NL,745,NL
901,346,H,PittsburghU,7,3,0,7,17,19.5,18,-1160,10.5
901,347,V,Liberty,7,0,7,3,17,NL,NL,2150,NL
901,348,H,WakeForest,0,7,7,6,20,23,25.5,-4300,11.5
901,349,V,Lamar,0,0,0,0,0,NL,NL,9500,NL
901,350,H,ULLafayette,13,27,0,0,40,34,34.5,-27500,14
901,351,V,TennesseeMartin,0,7,7,6,20,NL,NL,310,NL
901,352,H,Memphis,7,0,3,7,17,10.5,10,-370,4.5
901,353,V,TennChat,3,7,3,0,13,NL,NL,2750,NL
901,354,H,SouthFlorida,7,14,6,7,34,26,30,-6000,13.5
901,355,V,CentralArkansas,7,13,0,7,27,NL,NL,1150,NL
901,356,H,Mississippi,14,0,14,21,49,18,21,-1800,12
901,357,V,AustinPeay,0,0,7,3,10,NL,NL,3900,NL
901,358,H,WesternKentucky,14,21,7,7,49,29,30.5,-9600,13.5
901,359,V,JacksonSt,0,6,0,3,9,NL,NL,10000,NL
901,360,H,MississippiSt,14,21,14,7,56,38,39,-30000,14.5
901,361,V,SELouisiana,0,3,0,7,10,NL,NL,NL,NL
901,362,H,Missouri,28,0,20,14,62,NL,43.5,NL,16.5
901,363,V,SavannahSt,0,0,0,0,0,NL,NL,NL,NL
901,364,H,OklahomaState,35,14,21,14,84,58,58,NL,21.5
901,365,V,NorthwesternSt,0,3,0,3,6,NL,NL,6500,NL
901,366,H,TexasTech,7,17,3,17,44,NL,36,-16500,15
901,367,V,IndianaSt,7,3,7,0,17,NL,NL,450,NL
901,368,H,Indiana,7,10,7,0,24,14,14.5,-600,6.5
901,369,V,Southern,0,6,7,8,21,NL,NL,1100,NL
901,370,H,NewMexico,7,38,14,7,66,NL,23.5,-1700,9
901,371,V,WeberSt,0,3,7,0,10,NL,NL,1280,NL
901,372,H,FresnoState,14,10,0,13,37,21,21.5,-2100,9.5
902,211,V,Kentucky,0,7,7,0,14,42.5,43,450,24
902,212,H,Louisville,8,14,10,0,32,14.5,14,-600,7
902,213,V,SMU,0,3,7,14,24,58,57,230,28
902,214,H,Baylor,14,10,21,14,59,11,7,-270,0.5
903,215,V,GeorgiaTech,0,7,0,10,0,48.5,46,270,21.5
903,216,H,VirginiaTech,7,0,0,10,3,7.5,7.5,-330,5
906,301,V,PittsburghU,0,0,3,7,10,49,50.5,180,24.5
906,302,H,CincinnatiU,14,3,7,10,34,3.5,5,-220,1.5
907,303,V,Utah,0,3,10,7,20,7,7,-275,4
907,304,H,UtahState,13,0,0,7,27,54,50.5,235,24
908,101,V,NewHampshire,7,0,0,0,7,NL,NL,353,NL
908,102,H,MinnesotaU,16,14,7,7,44,14,11.5,-412,5
908,103,V,SoIllinois,7,0,0,7,14,NL,NL,917,NL
908,104,H,MiamiOhio,7,7,10,6,30,16,20,-1233,10
908,105,V,Maine,3,0,0,0,3,NL,NL,1529,NL
908,106,H,BostonCollege,0,17,17,0,34,25,23.5,-2246,10.5
908,107,V,AustinPeay,0,0,7,0,7,NL,NL,NL,NL
908,108,H,VirginiaTech,7,14,14,7,42,50,53,NL,21.5
908,109,V,NoDakotaState,16,3,3,0,22,NL,1.5,-122,NL
908,110,H,ColoradoState,7,0,0,0,7,2,NL,108,2
908,111,V,SouthernUtah,3,7,7,14,31,NL,NL,14300,NL
908,112,H,California,0,20,0,30,50,32,36,-29700,14.5
908,113,V,WeberSt,0,0,6,7,13,NL,NL,21450,NL
908,114,H,BYU,7,14,10,14,45,38,38.5,-44550,17
908,115,V,CSSacramento,7,17,0,6,30,NL,NL,1132,NL
908,116,H,Colorado,14,7,7,0,28,21.5,21.5,-1518,10.5
908,117,V,MissouriSt,0,7,0,0,7,NL,NL,11400,NL
908,118,H,Louisville,11,7,7,10,35,35.5,35,-22600,14.5
908,119,V,EastWashington,7,7,0,6,20,NL,NL,867,NL
908,120,H,WashingtonState,14,10,0,0,24,11,19.5,-1183,5.5
908,121,V,Howard,0,0,0,0,0,NL,NL,42250,NL
908,122,H,Rutgers,7,12,7,0,26,42,42,-87750,15.5
908,123,V,SavannahSt,0,0,0,0,0,NL,NL,NL,NL
908,124,H,FloridaState,35,13,7,0,55,68,67.5,NL,NL
908,125,V,MorganSt,3,10,14,7,34,NL,NL,6125,NL
908,126,H,BuffaloU,14,21,21,0,56,31,31.5,-11375,10.5
908,127,V,WesternCarolina,0,3,7,14,24,NL,NL,7350,NL
908,128,H,Marshall,3,21,21,7,52,28,33.5,-13650,11
908,129,V,NichollsSt,0,3,0,0,3,NL,NL,444,NL
908,130,H,SouthAlabama,0,3,3,3,9,12.5,14,-531,6.5
908,131,V,Presbyterian,0,0,0,3,3,NL,NL,NL,NL
908,132,H,GeorgiaTech,21,3,21,14,59,44,44.5,NL,20
908,133,V,TexasSouthern,0,0,7,0,7,NL,NL,6700,NL
908,134,H,NorthTexas,7,10,3,14,34,35,31.5,-12300,14
908,135,V,EasternIllinois,14,0,0,7,21,NL,NL,1362,NL
908,136,H,WesternMichigan,14,28,3,7,52,22.5,22.5,-1888,9
908,137,V,TennesseeMartin,0,0,0,7,7,NL,NL,1492,NL
908,138,H,NoIllinois,7,14,7,7,35,24,23,-2158,9
908,139,V,FloridaA&M,0,10,3,0,13,NL,NL,NL,NL
908,140,H,Oklahoma,14,21,21,13,69,54,54.5,NL,22.5
908,141,V,GeorgiaState,3,3,0,7,13,NL,NL,NL,NL
908,142,H,TennesseeU,7,21,13,10,51,46,46,NL,20.5
908,143,V,IllinoisSt,10,0,14,7,31,NL,NL,133,NL
908,144,H,EasternMichigan,0,14,0,0,14,3,2.5,-147,1
908,145,V,StephenF.Austin,0,0,35,-35,0,NL,NL,674,NL
908,146,H,SMU,0,21,-21,52,52,17,17,-901,7.5
908,147,V,Grambling,0,0,0,0,0,NL,NL,NL,NL
908,148,H,TCU,28,14,14,0,56,52,50.5,NL,21.5
908,149,V,UCDavis,7,0,0,6,13,NL,NL,839,NL
908,150,H,SanJoseState,0,14,21,10,45,20,19.5,-1136,8.5
908,151,V,NorthernArizona,0,0,7,10,17,NL,NL,405,NL
908,152,H,UNLV,14,0,0,0,14,11,13,-475,6.5
908,305,V,PennState,7,0,0,9,16,44,47.5,336,21.5
908,306,H,Virginia,0,3,7,7,17,7,10,-389,7
908,307,V,Indiana,21,17,0,7,45,12.5,14,-531,4.5
908,308,H,Massachusetts,6,0,0,0,6,53,48.5,444,23.5
908,309,V,AirForce,3,7,7,8,25,58.5,58.5,1190,28
908,310,H,Michigan,7,7,14,3,31,21.5,21.5,-1610,10.5
908,311,V,NewMexicoState,7,7,10,0,24,57,58.5,1075,28.5
908,312,H,Ohio,7,14,24,6,51,19.5,21.5,-1425,10
908,313,V,KentState,7,0,7,0,14,42.5,46.5,201,24
908,314,H,Kentucky,0,17,16,14,47,7,6,-229,1.5
908,315,V,CentralFlorida,3,7,6,0,16,49.5,49.5,559,24
908,316,H,OhioState,7,10,14,0,31,17,16,-716,7.5
908,317,V,Idaho,0,6,0,7,13,51,49.5,559,23
908,318,H,BowlingGreen,7,0,14,0,21,12,17,-716,7.5
908,319,V,BallState,7,3,10,7,27,61,67,2012,30
908,320,H,Clemson,13,32,0,7,52,25.5,26.5,-3238,9.5
908,321,V,Rice,3,10,3,9,25,60,62,394,30.5
908,322,H,Kansas,10,7,7,0,24,9,13,-461,6.5
908,323,V,Toledo,3,14,10,7,34,57,58.5,143,29.5
908,324,H,Wyoming,14,6,0,11,31,1,3.5,-157,0.5
908,325,V,NorthCarolina,7,7,10,3,27,6.5,10,-380,6
908,326,H,WakeForest,7,14,0,7,28,54,54,330,28
908,327,V,Georgia,0,9,15,17,41,3,1,-117,pk
908,328,H,Missouri,0,10,10,0,20,54,52.5,103,26
908,329,V,MiamiFlorida,3,3,0,7,13,53,58,246,29
908,330,H,KansasState,14,10,7,21,52,7,7.5,-274,3
908,331,V,MichiganState,7,17,10,7,41,22,17.5,-901,7
908,332,H,CentralMichigan,0,0,0,7,7,50,48,674,21.5
908,333,V,USC,0,14,7,21,42,27,24.5,-2775,10.5
908,334,H,Syracuse,0,3,13,13,29,58,62,1725,28.5
908,335,V,Purdue,0,7,0,10,17,53,53,461,24.5
908,336,H,NotreDame,0,7,10,3,20,15,14,-559,7.5
908,337,V,SouthFlorida,6,7,7,12,32,55,57.5,100,1
908,338,H,Nevada,21,0,7,3,31,pk,1,-114,28.5
908,339,V,Wisconsin,0,0,0,7,7,8,6,-229,4
908,340,H,OregonState,0,3,7,0,10,55,49,201,21.5
908,341,V,FresnoState,3,3,10,9,25,73.5,76,8000,33
908,342,H,Oregon,14,21,0,7,42,33.5,33,-15000,14
908,343,V,EastCarolina,0,0,3,7,10,52.5,50,867,23
908,344,H,SouthCarolina,14,7,14,13,48,23.5,21,-1183,7
908,345,V,IowaState,6,3,0,0,9,47,49.5,153,24
908,346,H,Iowa,3,0,0,3,6,4.5,3.5,-167,1.5
908,347,V,WashingtonU,3,0,0,0,3,56,52.5,1362,23.5
908,348,H,LSU,14,6,14,7,41,23,23,-1888,10
908,349,V,UTEP,0,0,10,0,10,52.5,53.5,284,23.5
908,350,H,Mississippi,7,14,0,7,28,6,8.5,-326,3.5
908,351,V,Auburn,0,3,7,0,10,48,48.5,128,23
908,352,H,MississippiSt,0,7,14,7,28,2.5,2.5,-142,0.5
908,353,V,TexasTech,21,17,17,3,58,17.5,20,-948,8
908,354,H,TexasState,0,10,0,0,10,60,60.5,702,28.5
908,355,V,Maryland,3,23,3,7,36,48,43.5,266,21.5
908,356,H,Temple,3,0,14,10,27,10,8,-307,5.5
908,357,V,NewMexico,0,0,0,0,0,53.5,53,16250,24
908,358,H,Texas,7,10,14,14,45,37,39.5,-33750,16
908,359,V,Florida,7,3,3,7,20,1,49,101,0.5
908,360,H,TexasA&M,3,14,0,0,17,53,pk,-115,24.5
908,361,V,LouisianaTech,14,7,21,14,56,59.5,3,-142,0.5
908,362,H,HoustonU,6,14,7,22,49,2.5,58.5,128,29.5
908,363,V,Nebraska,14,10,3,3,30,4,4,-181,3
908,364,H,UCLA,7,17,3,9,36,55.5,58.5,164,31.5
908,365,V,Army,0,0,7,0,7,49,49.5,186,22.5
908,366,H,SanDiegoState,14,7,21,0,42,6,5.5,-214,1.5
908,367,V,NCState,0,3,7,0,10,1,3,-144,0.5
908,368,H,Connecticut,0,0,0,7,7,51,48,130,21.5
908,369,V,Tulane,3,0,0,7,10,58,57,1104,27
908,370,H,Tulsa,14,21,0,10,45,25,21.5,-1471,7.5
908,371,V,Vanderbilt,7,3,0,3,13,3,3,-162,pk
908,372,H,Northwestern,3,0,3,17,23,53,54.5,148,24
908,373,V,Duke,0,3,10,0,13,58,55,518,27
908,374,H,Stanford,13,10,20,7,50,14,16.5,-652,7.5
908,375,V,OklahomaState,14,0,17,7,38,11,10.5,-336,7
908,376,H,ArizonaU,10,13,14,22,59,68,70,294,35
908,377,V,Illinois,0,7,7,0,14,50,46.5,191,23.5
908,378,H,ArizonaState,14,14,7,10,45,2,6,-219,4.5
908,379,V,Akron,7,13,0,18,38,51,58,1565,30
908,380,H,FloridaIntl,7,7,7,17,41,23,24.5,-2335,13
908,381,V,ULLafayette,14,6,10,7,37,62,1.5,-119,30
908,382,H,Troy,7,7,3,7,24,1,62.5,105,0.5
908,383,V,FloridaAtlantic,0,0,3,14,17,49,49.5,241,23
908,384,H,MiddleTennSt,0,7,17,7,31,7,6.5,-269,2.5
908,385,V,Memphis,7,14,7,0,28,53,60,1362,31
908,386,H,ArkansasState,3,14,10,6,33,19.5,23.5,-1888,11.5
908,387,V,ULMonroe,7,0,7,14,34,58,61,5475,29
908,388,H,Arkansas,7,14,7,0,31,28,30,-10025,13.5
908,389,V,WesternKentucky,0,0,0,0,0,52,51.5,26000,23
908,390,H,Alabama,14,7,7,7,35,38,38,-54000,15.5
913,103,V,Rutgers,0,3,10,10,23,46,44.5,250,21
913,104,H,SouthFlorida,6,0,0,7,13,9.5,7.5,-300,3
914,105,V,WashingtonState,14,14,0,7,35,11.5,9.5,-350,3
914,106,H,UNLV,7,13,0,7,27,55.5,56,290,30.5
915,107,V,Navy,0,0,0,7,7,45,47.5,211,21.5
915,108,H,PennState,14,6,7,7,34,6.5,6.5,-239,2.5
915,109,V,Massachusetts,0,13,0,0,13,53,54.5,52000,24
915,110,H,Michigan,14,28,14,7,63,45,45,-229,17
915,111,V,BostonCollege,3,7,0,3,13,52.5,55,164,27.5
915,112,H,Northwestern,6,6,3,7,22,4,4,-181,2.5
915,113,V,EasternMichigan,0,9,0,7,16,52.5,49.5,1565,22.5
915,114,H,Purdue,13,20,7,14,54,22,23.5,-2335,9.5
915,115,V,NoIllinois,14,14,0,13,41,1.5,3,-142,pk
915,116,H,Army,7,12,15,6,40,54.5,49,128,27.5
915,117,V,WakeForest,0,0,0,0,0,53.5,51,2587,21.5
915,118,H,FloridaState,14,24,7,7,52,25,27.5,-4163,10
915,119,V,Connecticut,7,7,3,7,24,47,2.5,-137,19.5
915,120,H,Maryland,0,7,0,14,21,pk,39,123,0.5
915,121,V,TexasA&M,0,20,21,7,48,10.5,10,-370,4
915,122,H,SMU,0,0,3,0,3,53,60.5,325,27
915,123,V,VirginiaTech,0,3,14,0,17,10.5,10,-351,7
915,124,H,PittsburghU,14,7,7,7,35,44,45,309,23.5
915,125,V,USC,7,7,0,0,14,9,9,-346,3
915,126,H,Stanford,7,0,7,7,21,60,56,304,28
915,127,V,EastCarolina,0,3,21,0,24,58,57,226,24
915,128,H,SouthernMiss,7,0,0,7,14,8,7,-254,3
915,129,V,California,7,0,7,14,28,52.5,55,633,27
915,130,H,OhioState,13,7,0,15,35,16,17,-837,7
915,131,V,Texas,10,21,21,14,66,12,10.5,-380,6
915,132,H,Mississippi,0,10,14,7,31,49,51,330,24.5
915,133,V,ArizonaState,0,7,0,13,20,59.5,60,164,0.5
915,134,H,Missouri,10,7,7,0,24,3.5,4,-181,27
915,135,V,BYU,0,7,0,14,21,3.5,3.5,-162,3
915,136,H,Utah,7,0,17,0,24,49,45,148,21
915,137,V,NorthCarolina,0,7,7,20,34,50,56,148,26
915,138,H,Louisville,15,21,0,3,39,3.5,3.5,-162,pk
915,139,V,Virginia,7,0,0,13,20,52.5,52,289,23
915,140,H,GeorgiaTech,21,14,7,14,56,11,10,-331,3
915,141,V,Alabama,7,17,14,14,52,19,20,-1040,9.5
915,142,H,Arkansas,0,0,0,0,0,52,49.5,760,20.5
915,143,V,MiamiOhio,0,9,0,3,12,54,54,917,26.5
915,144,H,BoiseState,8,7,21,3,39,19,21.5,-1233,10.5
915,145,V,TCU,7,3,10,0,20,22,20,-994,7
915,146,H,Kansas,3,3,0,0,6,60,59,731,27.5
915,147,V,Rice,0,17,6,14,37,61.5,67,867,32.5
915,148,H,LouisianaTech,21,14,7,14,56,21,21,-1183,9.5
915,149,V,WesternMichigan,3,7,7,6,23,56,55,138,0.5
915,150,H,MinnesotaU,7,14,7,0,28,4,3,-152,26
915,151,V,BowlingGreen,0,3,6,6,15,59.5,60.5,128,28.5
915,152,H,Toledo,7,10,7,3,27,6.5,3,-142,pk
915,153,V,UAB,3,3,0,0,6,54,54,8725,25.5
915,154,H,SouthCarolina,7,14,14,14,49,33.5,33,-16775,13.5
915,155,V,Ohio,0,17,0,10,27,6.5,5.5,-214,2.5
915,156,H,Marshall,14,0,7,3,24,56.5,66.5,186,33.5
915,157,V,NewMexico,0,14,0,0,14,63.5,65,8000,28.5
915,158,H,TexasTech,14,28,7,0,49,32,32.5,-15000,13.5
915,159,V,Florida,7,3,17,10,37,47,47.5,153,23.5
915,160,H,TennesseeU,7,7,6,0,20,pk,3,-167,0.5
915,161,V,ColoradoState,0,13,0,7,20,49.5,48,363,25
915,162,H,SanJoseState,14,3,7,16,40,12.5,11.5,-427,5
915,163,V,UtahState,7,7,0,0,14,52,51.5,431,24
915,164,H,Wisconsin,0,3,13,0,16,13.5,14.5,-509,7.5
915,165,V,Idaho,0,14,0,0,14,48.5,52.5,45500,25.5
915,166,H,LSU,14,14,21,14,63,42,42,-94500,17.5
915,167,V,NotreDame,7,7,0,6,20,47,44,180,21.5
915,168,H,MichiganState,0,3,0,0,3,4,5.5,-205,4
915,169,V,BallState,14,10,14,3,41,59,64,118,33.5
915,170,H,Indiana,10,15,0,14,39,3.5,2.5,-132,1
915,171,V,Colorado,0,7,0,7,14,55.5,57.5,405,25
915,172,H,FresnoState,35,20,7,7,69,14,14.5,-475,3
915,173,V,NewMexicoState,0,7,7,14,28,58.5,59,444,27
915,174,H,UTEP,20,7,7,7,41,12.5,14,-531,7
915,175,V,HoustonU,0,0,0,6,6,68,75,605,32
915,176,H,UCLA,14,3,13,7,37,18,17.5,-790,9
915,177,V,FloridaAtlantic,7,7,0,6,20,54,52.5,39000,27
915,178,H,Georgia,14,14,21,7,56,44.5,41.5,-81000,17.5
915,179,V,ArkansasState,0,3,10,0,13,63.5,67,1305,29
915,180,H,Nebraska,14,14,0,14,42,24,23.5,-1795,10
915,181,V,SouthAlabama,0,0,0,7,7,50,50.5,4900,22
915,182,H,NCState,14,14,3,0,31,33,29.5,-9100,11.5
915,183,V,FloridaIntl,0,0,14,6,20,52,49.5,501,21.5
915,184,H,CentralFlorida,9,14,7,3,33,15,14.5,-624,6.5
915,185,V,ULLafayette,0,0,10,14,24,73,73.5,1075,28
915,186,H,OklahomaState,17,27,14,7,65,21,23.5,-1425,7.5
915,187,V,NorthTexas,7,0,6,8,21,58.5,54.5,2012,26
915,188,H,KansasState,7,7,7,14,35,28.5,27.5,-3238,10.5
915,189,V,MiddleTennSt,7,20,14,7,48,2.5,5.5,-224,1
915,190,H,Memphis,3,14,6,7,30,55,54.5,196,27.5
915,191,V,WesternKentucky,3,14,7,0,32,48,49.5,226,24
915,192,H,Kentucky,0,10,7,7,31,5.5,6.5,-254,4
915,193,V,MississippiSt,10,13,0,7,30,16,15,-578,6
915,194,H,Troy,7,0,7,10,24,53,57.5,472,27.5
915,195,V,ULMonroe,7,7,0,14,28,55.5,53,530,26.5
915,196,H,Auburn,7,14,7,0,31,15.5,15,-670,7
915,231,V,CharlestonSou,0,0,0,0,0,NL,NL,32500,NL
915,232,H,Illinois,13,7,17,7,44,43.5,42,-67500,17.5
915,233,V,BethuneCookman,7,0,0,3,10,NL,NL,7350,NL
915,234,H,MiamiFlorida,7,10,7,14,38,35,35,-13650,14.5
915,235,V,WesternIllinois,0,0,0,3,3,NL,NL,8725,NL
915,236,H,IowaState,14,7,10,6,37,35,34.5,-16775,14.5
915,237,V,Presbyterian,0,0,0,0,0,NL,NL,29250,NL
915,238,H,Vanderbilt,10,17,28,3,58,38,39.5,-60750,14.5
915,239,V,SamHoustonSt,3,17,0,3,23,NL,NL,3600,NL
915,240,H,Baylor,3,7,14,24,48,30,29.5,-6400,16
915,241,V,TexSanAntonio,17,7,14,0,38,7.5,7.5,-274,3
915,242,H,GeorgiaState,7,0,7,0,14,NL,NL,246,NL
915,243,V,TennesseeTech,7,0,7,0,14,NL,NL,NL,NL
915,244,H,Oregon,21,14,21,7,63,55.5,53.5,NL,21.5
915,245,V,Furman,0,7,0,0,7,NL,NL,29250,NL
915,246,H,Clemson,7,13,14,7,41,40,40,-60750,17.5
915,247,V,WestVirginia,21,7,7,7,42,32.5,35.5,-19938,14.5
915,248,H,JamesMadison,0,3,2,7,12,NL,NL,10312,NL
915,249,V,NorthernIowa,10,3,3,0,16,NL,NL,336,NL
915,250,H,Iowa,7,10,7,3,27,12.5,12.5,-389,6
915,251,V,MorganSt,3,3,0,0,6,NL,NL,400,NL
915,252,H,Akron,14,7,24,21,66,8.5,13.5,-470,5
915,253,V,NorthwesternSt,3,10,7,14,34,NL,NL,5475,NL
915,254,H,Nevada,7,10,14,14,45,30,34,-10025,14.5
915,255,V,StonyBrook,10,7,0,0,17,NL,NL,1492,NL
915,256,H,Syracuse,7,7,7,7,28,22,21.5,-2158,12
915,257,V,PortlandSt,0,0,6,7,13,NL,NL,8000,NL
915,258,H,WashingtonU,14,31,7,0,52,31.5,31.5,-15000,13.5
915,259,V,CalPoly,14,0,7,3,24,NL,NL,358,NL
915,260,H,Wyoming,0,15,0,7,22,10,11,-417,NL
915,261,V,NCCentral,7,3,0,7,17,NL,NL,8000,NL
915,262,H,Duke,17,10,14,13,54,36,35,-15000,14
915,263,V,DelawareSt,0,0,0,7,7,NL,NL,39000,NL
915,264,H,CincinnatiU,13,7,0,3,23,43.5,44.5,-81000,17.5
915,265,V,NichollsSt,6,3,0,7,16,NL,NL,32500,NL
915,266,H,Tulsa,28,14,10,14,66,41,41,-67500,16
915,267,V,SoCarolinaSt,0,0,0,0,0,NL,NL,11400,NL
915,268,H,ArizonaU,7,21,14,14,56,36,34.5,-22600,14.5
915,269,V,NorthDakota,14,6,7,14,41,NL,NL,1840,NL
915,270,H,SanDiegoState,21,14,7,7,49,24.5,24,-2960,10.5
915,271,V,Lamar,0,0,0,2,2,NL,NL,7350,NL
915,272,H,Hawaii,7,21,13,13,54,34,36,-13650,15.5
919,301,V,KentState,0,10,3,10,23,52,50.5,140,23.5
919,302,H,BuffaloU,0,7,0,0,7,3,3.5,-160,0.5
920,305,V,BYU,0,0,0,6,6,48,50.5,200,23
920,306,H,BoiseState,0,0,7,0,7,7,6,-240,3
921,307,V,Baylor,0,24,10,13,47,8,8.5,-310,4
921,308,H,ULMonroe,14,7,7,14,42,68.5,70.5,255,36
922,309,V,Army,13,10,14,0,37,54,55,240,28.5
922,310,H,WakeForest,14,7,21,7,49,8,7,-280,4.5
922,311,V,Clemson,14,7,10,6,37,55.5,55,475,28
922,312,H,FloridaState,7,7,21,14,49,12,14.5,-650,9.5
922,313,V,SouthFlorida,3,6,10,8,27,11,7.5,-310,4
922,314,H,BallState,3,7,14,7,31,59.5,57.5,255,27
922,315,V,Memphis,0,14,0,0,14,60,61.5,850,30
922,316,H,Duke,0,17,7,14,38,21.5,22,-1300,9
922,317,V,EasternMichigan,0,7,0,0,7,48,47.5,6125,21.5
922,318,H,MichiganState,0,3,6,14,23,32.5,31.5,-11375,14.5
922,319,V,BowlingGreen,0,0,0,0,0,47,47,500,21
922,320,H,VirginiaTech,0,21,6,10,37,19.5,17,-700,7
922,321,V,CentralMichigan,10,13,0,9,32,47,50.5,425,27
922,322,H,Iowa,14,0,7,10,31,17.5,14,-550,7
922,323,V,UAB,6,6,0,3,15,59.5,60,12000,29
922,324,H,OhioState,0,21,0,8,29,37.5,35,-36000,14.5
922,325,V,EastCarolina,0,6,0,0,6,59.5,63.5,500,29.5
922,326,H,NorthCarolina,7,3,14,3,27,15,14.5,-700,7
922,327,V,Temple,0,3,3,7,13,45,43,215,20.5
922,328,H,PennState,7,7,7,3,24,9,7,-255,3
922,329,V,Maryland,7,7,0,7,21,62.5,61.5,1800,30
922,330,H,WestVirginia,14,10,0,7,31,27,26.5,-3200,14
922,331,V,UTEP,6,3,7,10,26,48,50.5,575,24
922,332,H,Wisconsin,2,21,0,14,37,17.5,18,-850,7.5
922,333,V,Massachusetts,0,3,7,6,16,54.5,49.5,1100,24
922,334,H,MiamiOhio,0,14,7,6,27,25,24,-1800,10
922,335,V,Vanderbilt,0,3,0,0,3,53,50,450,22.5
922,336,H,Georgia,13,14,21,0,48,14,15,-600,7
922,337,V,UtahState,10,7,7,7,31,13,11.5,-430,7
922,338,H,ColoradoState,0,0,6,13,19,47.5,54,350,24
922,339,V,Rutgers,0,14,14,7,35,47.5,49.5,290,24.5
922,340,H,Arkansas,10,0,3,13,26,6.5,8,-350,5.5
922,341,V,FresnoState,20,0,6,0,26,67,66,185,33.5
922,342,H,Tulsa,7,10,10,0,27,6.5,6,-225,3
922,343,V,Marshall,14,7,14,6,54,69.5,3,-155,36
922,344,H,Rice,7,7,14,13,51,pk,71.5,135,0.5
922,345,V,Kansas,3,7,7,6,23,54,54,245,25.5
922,346,H,NoIllinois,6,7,0,17,30,9,7.5,-290,3
922,347,V,ArizonaU,0,0,0,0,0,72,78.5,800,34
922,348,H,Oregon,7,6,15,21,49,23.5,20.5,-1200,9.5
922,349,V,OregonState,3,14,7,3,27,52.5,53,260,26.5
922,350,H,UCLA,0,10,0,10,20,11.5,8,-320,4.5
922,351,V,Virginia,0,0,0,7,7,51.5,53,600,23.5
922,352,H,TCU,7,7,6,7,27,16.5,18.5,-900,7
922,353,V,California,0,3,6,0,9,58,57.5,500,27
922,354,H,USC,7,10,0,10,27,17,16.5,-700,7.5
922,355,V,Colorado,7,0,7,21,35,58,59,700,27.5
922,356,H,WashingtonState,7,14,7,6,34,17.5,18.5,-1000,7
922,357,V,LSU,9,0,3,0,12,17.5,18,-900,9.5
922,358,H,Auburn,7,3,0,0,10,51.5,45,600,21.5
922,359,V,MiamiFlorida,19,0,3,14,42,56.5,61,425,30.5
922,360,H,GeorgiaTech,0,22,14,0,36,12,14,-550,7.5
922,361,V,Wyoming,14,0,6,14,40,2,51.5,115,0.5
922,362,H,Idaho,6,14,7,7,37,48,2,-135,27
922,363,V,Kentucky,0,0,0,0,0,49,52.5,1200,23.5
922,364,H,Florida,3,21,7,7,38,25.5,23.5,-2000,10
922,365,V,Connecticut,0,7,7,10,24,46,43.5,105,2.5
922,366,H,WesternMichigan,3,14,7,6,30,1,1.5,-125,22
922,367,V,Missouri,0,3,0,7,10,52.5,47.5,300,23.5
922,368,H,SouthCarolina,0,21,7,3,31,9.5,10,-360,3
922,369,V,Michigan,0,0,0,6,6,51,50.5,190,22.5
922,370,H,NotreDame,0,10,0,3,13,5,6,-230,2.5
922,371,V,Syracuse,3,0,0,7,10,57.5,2.5,-140,1
922,372,H,MinnesotaU,7,0,7,3,17,1,54,120,25
922,373,V,KansasState,0,10,0,14,24,58.5,56.5,450,27.5
922,374,H,Oklahoma,3,3,7,6,19,14.5,15.5,-600,8.5
922,375,V,NewMexico,3,10,7,7,27,63,56.5,177,27
922,376,H,NewMexicoState,0,7,0,7,14,7,5,-215,3
922,377,V,Akron,10,13,0,3,26,63.5,65,8000,32
922,378,H,TennesseeU,10,13,7,17,47,34,32,-15000,14
922,379,V,Mississippi,26,0,10,3,39,13.5,17,-900,7
922,380,H,Tulane,0,0,0,0,0,57,53,600,23.5
922,381,V,LouisianaTech,21,0,24,7,52,61.5,56,125,27.5
922,382,H,Illinois,7,10,0,7,24,2.5,3,-145,0.5
922,383,V,Utah,0,7,0,0,7,51.5,50,245,23.5
922,384,H,ArizonaState,21,10,3,3,37,5.5,7,-290,3.5
922,385,V,SanJoseState,3,14,0,21,38,56,54,110,27.5
922,386,H,SanDiegoState,0,17,7,10,34,3.5,2.5,-130,2.5
922,387,V,AirForce,14,14,0,7,35,13,10.5,-400,3.5
922,388,H,UNLV,7,10,14,7,38,57,55,320,28
922,389,V,Nevada,14,20,21,14,69,8.5,7,-300,3.5
922,390,H,Hawaii,3,14,0,7,24,61,61,250,31
922,391,V,FloridaAtlantic,0,0,0,7,7,58.5,58,NL,23
922,392,H,Alabama,14,16,3,7,40,52,48.5,NL,18
922,393,V,SouthernMiss,0,3,7,7,17,52,47,140,0.5
922,394,H,WesternKentucky,14,7,21,0,42,2.5,3,-160,22.5
922,395,V,Troy,0,7,7,0,14,55.5,59.5,-105,28
922,396,H,NorthTexas,7,0,0,0,7,pk,pk,-115,pk
922,397,V,Louisville,7,7,7,7,28,11.5,10.5,-370,6
922,398,H,FloridaIntl,7,7,0,7,21,59.5,52.5,305,26.5
922,399,V,SouthAlabama,0,0,3,7,10,47.5,48.5,6000,22
922,400,H,MississippiSt,0,20,7,3,30,35,31.5,-16000,13
922,441,V,SouthDakota,0,0,7,0,7,NL,NL,3600,NL
922,442,H,Northwestern,14,14,7,3,38,29.5,29,-6400,12
922,443,V,NorfolkSt,0,0,0,10,10,NL,NL,7350,NL
922,444,H,Ohio,24,10,10,0,44,31,32.5,-13650,10.5
922,445,V,SoCarolinaSt,7,0,0,7,14,NL,NL,NL,NL
922,446,H,TexasA&M,14,35,7,14,70,NL,NL,NL,NL
922,447,V,IdahoSt,0,0,0,7,7,NL,NL,NL,NL
922,448,H,Nebraska,35,10,21,7,73,46.5,46,NL,17.5
922,449,V,StephenF.Austin,10,7,14,6,37,NL,NL,123,NL
922,450,H,TexasState,17,10,14,0,41,2.5,2.5,-137,pk
922,451,V,VMI,3,0,0,0,3,NL,NL,13000,NL
922,452,H,Navy,3,10,7,21,41,36.5,38,-27000,17
922,453,V,GardnerWebb,3,7,0,0,10,NL,NL,26000,NL
922,454,H,PittsburghU,7,20,14,14,55,37.5,41.5,-54000,17.5
922,455,V,TheCitadel,7,0,7,0,14,NL,NL,760,NL
922,456,H,NCState,21,21,0,10,52,19,19.5,-1040,7
922,457,V,AlcornSt,0,0,0,0,0,NL,NL,23400,NL
922,458,H,ArkansasState,14,28,7,7,56,38,39,-48600,14.5
922,459,V,CoastalCarolina,7,7,7,7,28,NL,NL,3600,NL
922,460,H,Toledo,10,7,14,7,38,1,28.5,-6400,12.5
927,103,V,Stanford,3,3,7,0,13,7,7,-270,3.5
927,104,H,WashingtonU,3,0,7,7,17,49.5,48,230,22.5
928,105,V,Hawaii,0,0,0,0,0,50.5,49.5,1400,22
928,106,H,BYU,7,13,20,7,47,27.5,30.5,-2400,12
929,107,V,CincinnatiU,3,3,7,14,27,44.5,47,215,21.5
929,108,H,VirginiaTech,0,7,0,17,24,6,6.5,-255,3
929,109,V,BuffaloU,7,0,7,3,17,47,44,600,21.5
929,110,H,Connecticut,3,14,7,0,24,18,16.5,-850,7
929,111,V,PennState,14,7,7,7,35,42,41.5,120,20.5
929,112,H,Illinois,0,0,7,0,7,1.5,3,-140,3
929,113,V,MinnesotaU,0,0,7,6,13,45,47,215,21
929,114,H,Iowa,3,21,0,7,31,5.5,6,-255,2.5
929,115,V,TexasTech,0,7,7,10,24,1,1,-120,2.5
929,116,H,IowaState,7,0,6,0,13,57,63.5,100,28
929,117,V,Clemson,10,14,14,7,45,9.5,7,-265,3
929,118,H,BostonCollege,7,14,7,3,31,56,60,225,30.5
929,119,V,LouisianaTech,10,10,21,3,44,4,3.5,-170,2
929,120,H,Virginia,14,10,0,14,38,61.5,60,150,30.5
929,121,V,Ohio,3,17,0,17,37,23.5,23.5,-1845,10
929,122,H,Massachusetts,10,7,10,7,34,54,55,1195,28
929,123,V,BallState,0,13,13,17,43,2,2.5,-140,3
929,124,H,KentState,0,21,14,10,45,57,54.5,120,27.5
929,125,V,Idaho,0,0,0,0,0,57.5,61,1735,23.5
929,126,H,NorthCarolina,28,17,14,7,66,23.5,27,-3535,11
929,127,V,Indiana,0,0,21,8,29,56.5,60.5,385,28
929,128,H,Northwestern,7,13,17,7,44,13.5,12.5,-490,5.5
929,129,V,Marshall,7,7,14,13,41,65,61.5,540,28.5
929,130,H,Purdue,14,28,3,6,51,16,17,-765,7
929,131,V,Duke,10,3,7,14,34,60,57,115,27
929,132,H,WakeForest,7,3,10,7,27,4,2,-135,0.5
929,133,V,SouthCarolina,0,7,14,17,38,20,20,-1185,13.5
929,134,H,Kentucky,3,14,0,0,17,47,51.5,785,27
929,135,V,ColoradoState,0,14,7,0,21,56.5,56.5,420,26.5
929,136,H,AirForce,21,14,7,0,42,15,14,-525,7
929,137,V,TCU,14,7,0,3,24,17.5,14,-555,7
929,138,H,SMU,0,10,0,6,16,52.5,52,445,24.5
929,139,V,CentralMichigan,7,7,10,0,24,59.5,58,290,28.5
929,140,H,NoIllinois,14,10,10,21,55,10,10,-350,3
929,141,V,UCLA,7,14,7,14,42,19.5,18,-925,8.5
929,142,H,Colorado,0,7,0,7,14,59,59.5,625,28
929,143,V,SanJoseState,0,3,3,6,12,54,1.5,-125,pk
929,144,H,Navy,0,0,0,0,0,pk,61,105,27
929,145,V,Oregon,20,3,21,7,51,29,31,-7490,15
929,146,H,WashingtonState,9,10,0,7,26,69,73,3490,35.5
929,147,V,Texas,21,0,7,13,41,70,1.5,-140,31
929,148,H,OklahomaState,14,3,9,10,36,2,63.5,120,pk
929,149,V,Arkansas,10,0,0,0,10,62,65,345,33
929,150,H,TexasA&M,7,20,17,14,58,11,13,-435,5
929,151,V,Baylor,14,21,7,21,63,78,84,380,46
929,152,H,WestVirginia,14,21,21,14,70,10.5,11.5,-485,7
929,153,V,OhioState,7,0,10,0,17,43.5,41.5,120,20.5
929,154,H,MichiganState,3,0,10,3,16,1,2.5,-140,0.5
929,155,V,TennesseeU,10,20,7,7,44,60.5,59.5,440,31
929,156,H,Georgia,21,9,21,0,51,15.5,14,-550,8
929,157,V,ArizonaState,7,10,3,7,27,54,2.5,-135,27.5
929,158,H,California,0,7,3,7,17,2,57.5,115,0.5
929,159,V,OregonState,7,10,7,14,38,56,58,120,29
929,160,H,ArizonaU,0,7,21,7,35,2.5,2.5,-140,3
929,161,V,Mississippi,0,7,7,0,14,51,52.5,3365,23.5
929,162,H,Alabama,6,21,0,6,33,32,31,-7365,13.5
929,163,V,MiamiOhio,13,22,10,11,56,6,1.5,-125,30.5
929,164,H,Akron,14,14,7,14,49,58,57,105,1.5
929,165,V,Missouri,0,7,7,7,21,49,48.5,105,24
929,166,H,CentralFlorida,3,7,0,6,16,1,1.5,-125,1
929,167,V,UTEP,7,3,0,8,18,53.5,48.5,160,24
929,168,H,EastCarolina,7,7,7,7,28,5,4,-185,2.5
929,169,V,NCState,7,7,7,16,37,55,56.5,110,1.5
929,170,H,MiamiFlorida,23,0,7,14,44,3.5,2,-130,29
929,171,V,FloridaState,7,6,17,0,30,15,16.5,-740,7
929,172,H,SouthFlorida,3,0,7,7,17,54.5,52.5,540,24
929,173,V,Toledo,17,3,14,3,37,58,57,-105,27.5
929,174,H,WesternMichigan,0,7,10,0,17,3,1,-115,2
929,175,V,Nevada,7,13,14,0,34,20,17.5,-955,8.5
929,176,H,TexasState,7,14,0,0,21,64,63.5,655,31.5
929,177,V,Louisville,6,6,3,6,21,11,10.5,-425,6
929,178,H,SouthernMiss,10,7,0,0,17,50,48.5,345,21.5
929,179,V,TexSanAntonio,7,14,7,7,35,56,1.5,-120,28
929,180,H,NewMexicoState,7,0,0,7,14,5,56,100,2.5
929,181,V,Wisconsin,14,6,7,0,27,53.5,52.5,380,27
929,182,H,Nebraska,3,7,17,3,30,11.5,11.5,-480,7.5
929,183,V,Tulsa,21,14,7,7,49,15.5,14,-490,6.5
929,184,H,UAB,14,7,7,14,42,60,58.5,385,28.5
929,185,V,UNLV,0,7,6,0,13,51,57,855,27
929,186,H,UtahState,0,20,0,15,35,17.5,21,-1255,10
929,187,V,HoustonU,7,7,14,7,35,7,10,-335,3.5
929,188,H,Rice,0,0,7,7,14,71,69,275,29
929,189,V,BoiseState,3,22,0,7,32,27,24,-1985,9.5
929,190,H,NewMexico,0,0,14,15,29,50,49.5,1385,21.5
929,191,V,SanDiegoState,21,6,13,0,40,60.5,61,265,32
929,192,H,FresnoState,7,29,10,6,52,8,8,-325,3
929,193,V,WesternKentucky,0,0,14,12,26,56,57.5,100,1.5
929,194,H,ArkansasState,3,10,0,0,13,pk,1.5,-120,26.5
929,195,V,Troy,10,14,0,7,31,10,7.5,-290,2
929,196,H,SouthAlabama,7,3,0,0,10,48.5,51,240,24.5
929,197,V,FloridaIntl,0,14,6,0,20,57.5,54.5,220,27.5
929,198,H,ULLafayette,17,14,10,7,48,6,6.5,-260,2.5
929,199,V,NorthTexas,7,3,7,3,20,4.5,6.5,-300,3
929,200,H,FloridaAtlantic,0,0,7,7,14,49,49.5,250,22.5
929,201,V,MiddleTennSt,7,14,14,14,49,60,63,1365,31.5
929,202,H,GeorgiaTech,7,14,0,7,28,28,24.5,-2065,11
929,203,V,ULMonroe,21,14,21,7,63,17,20.5,-1150,7.5
929,204,H,Tulane,0,3,0,7,10,56,51.5,750,21.5
929,241,V,StonyBrook,7,6,7,3,23,NL,NL,265,NL
929,242,H,Army,0,0,3,0,3,10.5,9,-325,6
929,243,V,RhodeIsland,0,8,0,0,8,NL,NL,4000,NL
929,244,H,BowlingGreen,13,21,7,7,48,28.5,30,-10000,11
929,245,V,Towson,0,9,0,13,22,NL,NL,45500,NL
929,246,H,LSU,7,10,7,14,38,41.5,42.5,-94500,21
1004,303,V,EastCarolina,14,3,3,0,20,47,45.5,370,23.5
1004,304,H,CentralFlorida,7,13,10,10,40,14,12,-470,6.5
1004,305,V,USC,7,17,0,14,38,13,14,-650,7
1004,306,H,Utah,14,7,0,7,28,47.5,50,475,27
1004,307,V,ArkansasState,0,14,13,7,34,58,2.5,-140,pk
1004,308,H,FloridaIntl,3,7,3,7,20,1.5,57,120,28
1005,309,V,PittsburghU,0,10,3,0,13,3,59.5,110,28
1005,310,H,Syracuse,14,0,0,0,14,57,2,-130,pk
1005,311,V,UtahState,3,0,0,0,3,45,45,210,20.5
1005,312,H,BYU,0,6,0,0,6,7,6.5,-250,3
1006,313,V,Navy,0,10,0,11,28,55,54,320,26.5
1006,314,H,AirForce,7,0,7,7,21,9,9,-390,7
1006,315,V,MichiganState,0,14,3,14,31,15,15.5,-720,9.5
1006,316,H,Indiana,17,10,0,0,27,49.5,49,520,27
1006,317,V,NoIllinois,7,7,7,14,35,2,3,-155,0.5
1006,318,H,BallState,3,13,7,0,23,67.5,65.5,135,31.5
1006,319,V,BostonCollege,7,17,0,7,31,8.5,7,-285,2.5
1006,320,H,Army,14,3,7,10,34,54,56.5,245,29.5
1006,321,V,BowlingGreen,0,0,17,7,24,6,5.5,-255,4.5
1006,322,H,Akron,0,10,0,0,10,61,61,215,28
1006,323,V,MiamiOhio,6,8,0,0,14,55,58,780,27.5
1006,324,H,CincinnatiU,14,10,21,7,52,20.5,20,-1180,8.5
1006,325,V,GeorgiaTech,14,7,7,3,31,71,70,355,36
1006,326,H,Clemson,10,17,3,17,47,11,10.5,-445,4
1006,327,V,Virginia,14,3,0,0,17,57,56,-110,27.5
1006,328,H,Duke,14,0,14,14,42,1,1,-110,pk
1006,329,V,SouthFlorida,7,0,14,7,28,6,4.5,-195,3.5
1006,330,H,Temple,6,3,14,14,37,48,47.5,170,23.5
1006,331,V,Northwestern,0,14,14,0,28,47,49,125,23.5
1006,332,H,PennState,3,7,7,22,39,4,3,-145,2
1006,333,V,KentState,3,14,21,3,41,3.5,3,-155,pk
1006,334,H,EasternMichigan,0,7,0,7,14,52,47,135,21.5
1006,335,V,Connecticut,0,3,0,0,3,40.5,40,260,18.5
1006,336,H,Rutgers,6,0,7,6,19,10,7.5,-310,3
1006,337,V,FloridaState,3,13,0,0,16,12.5,17,-850,7.5
1006,338,H,NCState,0,0,3,14,17,54,54,600,24
1006,339,V,Massachusetts,0,7,0,7,14,53,56,580,24.5
1006,340,H,WesternMichigan,7,21,21,3,52,18,17,-830,7.5
1006,341,V,Vanderbilt,2,7,0,10,19,46.5,45,240,21.5
1006,342,H,Missouri,6,0,3,6,15,7.5,7,-280,4
1006,343,V,TexasA&M,7,10,0,13,30,8.5,13,-485,7
1006,344,H,Mississippi,10,7,3,7,27,60,64.5,380,31.5
1006,345,V,VirginiaTech,14,6,6,8,34,49.5,51.5,220,27
1006,346,H,NorthCarolina,14,14,17,3,48,3.5,6,-260,2
1006,347,V,WashingtonU,0,7,7,7,21,65,62.5,1620,29
1006,348,H,Oregon,21,14,3,14,52,24,25,-3420,12.5
1006,349,V,Georgia,0,0,0,7,7,57,55,-110,1.5
1006,350,H,SouthCarolina,21,0,7,7,35,2.5,1,-110,24.5
1006,351,V,WestVirginia,14,13,7,14,48,79,73,265,38
1006,352,H,Texas,7,21,10,7,45,7,7.5,-315,6
1006,353,V,IowaState,16,0,7,14,37,44,41,230,21.5
1006,354,H,TCU,7,3,10,3,23,13,7,-270,4.5
1006,355,V,Illinois,0,7,0,7,14,47,44.5,500,21.5
1006,356,H,Wisconsin,0,7,3,21,31,14.5,14.5,-660,7
1006,357,V,Kansas,7,7,2,0,16,53,57,1405,28
1006,358,H,KansasState,7,14,28,7,56,24,25,-2105,11
1006,359,V,UCLA,7,0,7,3,17,1.5,2.5,-140,3
1006,360,H,California,3,13,13,14,43,54,55.5,120,27.5
1006,361,V,Arkansas,7,3,0,14,24,55.5,55.5,245,26.5
1006,362,H,Auburn,0,0,7,0,7,11,7,-295,6
1006,363,V,Michigan,7,21,3,13,44,3.5,3,-160,27
1006,364,H,Purdue,0,10,0,3,13,56,55,140,pk
1006,365,V,Wyoming,7,7,7,7,28,64,68,785,33.5
1006,366,H,Nevada,7,14,0,7,35,14.5,19.5,-1185,9.5
1006,367,V,NewMexicoState,3,7,0,8,18,57.5,55,295,27.5
1006,368,H,Idaho,10,10,6,0,26,8.5,8.5,-355,3
1006,369,V,ArizonaU,0,13,20,15,48,57,55,330,27.5
1006,370,H,Stanford,7,7,20,14,54,12.5,10,-400,5.5
1006,371,V,Oklahoma,7,17,17,0,41,7,4.5,-195,28.5
1006,372,H,TexasTech,7,6,0,7,20,58.5,57,170,pk
1006,373,V,CentralMichigan,7,14,7,7,35,63,64.5,390,31.5
1006,374,H,Toledo,10,7,14,19,50,14,11.5,-495,7
1006,375,V,BoiseState,7,16,7,10,40,11.5,9,-350,3
1006,376,H,SouthernMiss,0,0,7,7,14,47,49,290,22.5
1006,377,V,Rice,7,3,0,0,10,7.5,4.5,-220,1.5
1006,378,H,Memphis,0,0,14,0,14,64,60,185,27
1006,379,V,WakeForest,7,0,7,0,14,51,48,235,23
1006,380,H,Maryland,6,7,0,6,19,4,7,-275,2.5
1006,381,V,MississippiSt,14,6,7,0,27,10.5,10,-395,3.5
1006,382,H,Kentucky,0,7,7,0,14,46,48.5,325,23.5
1006,383,V,WashingtonState,0,3,0,3,6,55,58.5,535,27
1006,384,H,OregonState,3,3,7,6,19,13.5,14.5,-735,7
1006,385,V,UNLV,7,10,7,7,31,68.5,70,1985,33.5
1006,386,H,LouisianaTech,20,7,17,14,58,26,27,-3785,11.5
1006,387,V,Tulsa,10,7,20,8,45,5.5,3.5,-165,2.5
1006,388,H,Marshall,3,14,15,6,38,68.5,68,145,34
1006,389,V,MiamiFlorida,3,0,0,0,3,51,54,585,25.5
1006,390,H,NotreDame,7,6,21,7,41,11.5,15.5,-810,7
1006,391,V,BuffaloU,14,0,10,7,31,56.5,57,460,28
1006,392,H,Ohio,7,14,3,14,38,16,14.5,-585,7
1006,393,V,Nebraska,14,10,7,7,38,53.5,57.5,125,1.5
1006,394,H,OhioState,7,28,14,14,63,4,3,-145,29.5
1006,395,V,Hawaii,0,7,7,0,14,63,59.5,760,27.5
1006,396,H,SanDiegoState,14,21,3,14,52,17.5,19.5,-1160,7.5
1006,397,V,FresnoState,7,7,0,14,28,14.5,17.5,-830,7.5
1006,398,H,ColoradoState,0,0,0,7,7,59.5,59.5,580,27
1006,399,V,LSU,3,3,0,0,6,4,1.5,-130,17.5
1006,400,H,Florida,0,0,7,7,14,44.5,41.5,110,0.5
1006,401,V,TexasState,7,7,0,0,14,55.5,49.5,140,0.5
1006,402,H,NewMexico,14,14,7,0,35,3.5,3,-160,26.5
1006,403,V,SMU,3,14,0,0,17,2,52.5,100,23.5
1006,404,H,UTEP,0,0,0,0,0,49,1.5,-120,1.5
1006,405,V,Tulane,0,10,0,3,13,57.5,54,3490,27
1006,406,H,ULLafayette,3,21,14,3,41,23,30.5,-6790,14
1006,407,V,ULMonroe,7,10,14,0,31,4.5,3,-155,28.5
1006,408,H,MiddleTennSt,3,0,7,7,17,67.5,62.5,135,pk
1006,409,V,NorthTexas,0,14,7,0,21,55.5,58.5,325,30.5
1006,410,H,HoustonU,17,14,10,3,44,12,10,-395,3.5
1006,441,V,SELouisiana,0,3,0,0,3,NL,NL,925,NL
1006,442,H,UAB,21,10,7,14,52,19,20.5,-1400,7
1011,103,V,ArizonaState,6,14,14,17,51,21.5,22,-1450,11
1011,104,H,Colorado,0,17,0,0,17,56.5,56,1025,28
1011,105,V,UTEP,3,0,0,8,11,57,58.5,610,27.5
1011,106,H,Tulsa,3,3,20,7,33,15,17,-825,7.5
1011,107,V,WesternKentucky,7,7,14,3,31,2.5,54.5,-125,5
1011,108,H,Troy,10,7,9,0,26,56,pk,105,26
1012,109,V,Navy,14,3,14,0,31,60,57,110,28
1012,110,H,CentralMichigan,3,7,3,0,13,2,1,-130,2.5
1013,111,V,Texas,2,0,6,13,21,63,54.5,135,25
1013,112,H,Oklahoma,13,23,10,17,63,3.5,3,-155,0.5
1013,113,V,Iowa,0,3,0,10,19,41,39,285,19
1013,114,H,MichiganState,7,3,0,3,16,11.5,8,-345,3
1013,115,V,NorthCarolina,7,8,3,0,18,5.5,7.5,-290,3
1013,116,H,MiamiFlorida,0,7,7,0,14,65,71,240,33.5
1013,117,V,MiamiOhio,3,3,6,0,12,53,53.5,285,24.5
1013,118,H,BowlingGreen,7,10,14,6,37,6.5,8.5,-345,3.5
1013,119,V,KentState,0,14,10,7,31,57,1,-115,26
1013,120,H,Army,0,0,3,14,17,1.5,58.5,-105,0.5
1013,121,V,Akron,0,7,7,14,28,67,68,710,33
1013,122,H,Ohio,14,6,14,0,34,20,18,-1010,7
1013,123,V,Toledo,7,14,28,3,52,13.5,14.5,-655,7
1013,124,H,EasternMichigan,10,0,27,10,47,57.5,55,495,27.5
1013,125,V,Maryland,17,0,0,10,27,48.5,44,115,21.5
1013,126,H,Virginia,0,3,10,7,20,3,2,-135,3.5
1013,127,V,Duke,20,0,0,0,20,54,54.5,280,27.5
1013,128,H,VirginiaTech,7,10,17,7,41,9.5,9.5,-340,6.5
1013,129,V,Wisconsin,7,10,7,14,38,53.5,1.5,-115,24
1013,130,H,Purdue,7,0,0,7,14,pk,50,-105,pk
1013,131,V,Northwestern,14,7,0,0,21,3.5,3,-150,27
1013,132,H,MinnesotaU,3,7,3,0,13,51,54,130,pk
1013,133,V,Syracuse,0,7,0,8,15,43,50.5,230,24
1013,134,H,Rutgers,7,0,10,6,23,7.5,6.5,-270,3.5
1013,135,V,BostonCollege,0,7,0,0,7,54,52.5,2490,24.5
1013,136,H,FloridaState,14,17,10,10,51,28,28.5,-5190,11.5
1013,137,V,Temple,0,7,0,7,17,44,41,170,21
1013,138,H,Connecticut,14,0,0,0,14,4,4,-195,pk
1013,139,V,Louisville,7,10,21,7,45,1.5,2,-120,1.5
1013,140,H,PittsburghU,7,14,0,14,35,47,50,100,26
1013,141,V,Memphis,0,0,0,7,7,51.5,49,525,21.5
1013,142,H,EastCarolina,14,3,17,7,41,20,17,-725,7
1013,143,V,Florida,0,11,7,13,31,9,9.5,-395,4
1013,144,H,Vanderbilt,7,0,0,10,17,41,39,325,19.5
1013,145,V,AirForce,7,7,7,7,28,1.5,6,-250,4.5
1013,146,H,Wyoming,6,18,3,0,27,61.5,59.5,210,30.5
1013,147,V,WesternMichigan,7,14,0,3,24,66,65,120,31.5
1013,148,H,BallState,7,3,7,7,30,1.5,2.5,-140,3
1013,149,V,BuffaloU,3,0,0,0,3,58,55.5,460,26.5
1013,150,H,NoIllinois,7,21,14,3,45,14,14,-585,6
1013,151,V,Idaho,0,7,0,0,7,54.5,55,105,pk
1013,152,H,TexasState,7,7,10,14,38,2.5,2,-125,24.5
1013,153,V,KansasState,3,14,7,3,27,6.5,6,-235,3
1013,154,H,IowaState,0,14,0,7,21,50,48.5,195,24
1013,155,V,Auburn,0,17,3,0,20,50.5,49,165,26
1013,156,H,Mississippi,14,3,7,17,41,3.5,4,-190,3
1013,157,V,UAB,7,3,0,7,17,65,66.5,410,33
1013,158,H,HoustonU,10,6,20,3,39,13.5,13,-515,7
1013,159,V,Illinois,0,0,0,0,0,51,48.5,1510,20.5
1013,160,H,Michigan,10,7,21,7,45,21.5,24.5,-2510,10
1013,161,V,FresnoState,0,0,3,7,10,57.5,56.5,235,26.5
1013,162,H,BoiseState,7,10,0,3,20,9,7,-275,2.5
1013,163,V,USC,10,14,0,0,24,13.5,14,445,7
1013,164,H,WashingtonU,7,0,7,0,14,54,55,445,27.5
1013,165,V,OregonState,14,0,7,21,42,41,38.5,220,20.5
1013,166,H,BYU,7,7,7,3,24,3.5,6.5,-260,3.5
1013,167,V,Alabama,21,7,0,14,42,17.5,21,-1490,9.5
1013,168,H,Missouri,0,7,3,0,10,44.5,41,1040,20.5
1013,169,V,Stanford,0,10,0,3,13,49,42,315,20
1013,170,H,NotreDame,3,0,0,10,20,9.5,8.5,-375,4.5
1013,171,V,UtahState,14,14,14,7,49,47,51,125,27.5
1013,172,H,SanJoseState,3,17,7,0,27,pk,2.5,-145,2.5
1013,173,V,Kentucky,0,0,7,0,7,51.5,54.5,580,24
1013,174,H,Arkansas,28,14,7,0,49,16.5,17,-830,7.5
1013,175,V,TennesseeU,7,7,10,7,31,53,56,125,0.5
1013,176,H,MississippiSt,10,17,0,14,41,2.5,3,-145,27.5
1013,177,V,SouthCarolina,0,7,7,7,21,42.5,37.5,125,17.5
1013,178,H,LSU,3,0,7,13,23,4,3,-145,3
1013,179,V,California,7,7,10,7,31,7,7,-280,3.5
1013,180,H,WashingtonState,0,3,7,7,17,53.5,55,230,25.5
1013,181,V,WestVirginia,7,0,0,7,14,5,3.5,-140,6.5
1013,182,H,TexasTech,14,21,7,7,49,78,75.5,120,36.5
1013,183,V,TCU,7,7,14,21,49,66.5,68,210,31.5
1013,184,H,Baylor,7,0,14,0,21,6,6.5,-250,4
1013,185,V,SouthernMiss,0,7,7,10,31,51,52,555,24.5
1013,186,H,CentralFlorida,7,10,0,7,38,14,16.5,-780,7
1013,187,V,OklahomaState,0,10,7,3,20,20,27,-3785,11.5
1013,188,H,Kansas,0,0,0,14,14,74.5,68,1985,30
1013,189,V,OhioState,10,14,14,14,52,18,19,-1000,8
1013,190,H,Indiana,7,7,13,22,49,58,64,700,31
1013,191,V,SMU,3,3,3,17,26,20,18,-980,10.5
1013,192,H,Tulane,10,10,0,7,27,46,49,680,24.5
1013,193,V,TexSanAntonio,0,3,11,0,14,56.5,57.5,110,0.5
1013,194,H,Rice,6,7,14,7,34,4,2.5,-130,25.5
1013,195,V,Nevada,0,14,7,21,42,14,14.5,-535,10.5
1013,196,H,UNLV,14,17,0,6,37,62.5,61.5,430,31.5
1013,197,V,ColoradoState,7,0,0,7,14,56.5,54,1075,26
1013,198,H,SanDiegoState,7,10,14,7,38,19,22.5,-1675,10
1013,199,V,Utah,7,0,0,7,14,53.5,51.5,320,24.5
1013,200,H,UCLA,14,0,7,0,21,5.5,9.5,-390,3.5
1013,201,V,NewMexico,14,7,7,7,35,2,1,-125,25.5
1013,202,H,Hawaii,0,10,7,6,23,60.5,51.5,105,1
1013,203,V,FloridaAtlantic,0,7,0,7,14,54.5,56,1145,26.5
1013,204,H,ULMonroe,7,14,7,7,35,23,23.5,-1745,10.5
1013,205,V,SouthAlabama,10,3,6,10,29,51,51.5,845,26
1013,206,H,ArkansasState,14,0,14,8,36,20,20.5,-1245,10.5
1013,207,V,MiddleTennSt,3,7,7,17,34,2.5,1,-125,3
1013,208,H,FloridaIntl,6,14,3,7,30,58,55.5,105,27.5
1013,235,V,TexasA&M,21,18,7,13,59,6,9,-350,4
1013,236,H,LouisianaTech,0,16,14,27,57,73,76.5,290,37
1013,241,V,Fordham,3,3,8,3,17,NL,NL,17500,NL
1013,242,H,CincinnatiU,14,0,21,14,49,40,40.5,-52500,16
1016,301,V,ULLafayette,6,7,7,3,23,3.5,5,-200,1
1016,302,H,NorthTexas,0,6,14,10,30,56.5,56.5,170,27
1018,305,V,Oregon,22,21,0,0,43,10,8.5,-330,3.5
1018,306,H,ArizonaState,7,0,0,14,21,68.5,69,270,30.5
1018,307,V,HoustonU,7,7,14,14,42,4,4,-180,3
1018,308,H,SMU,14,14,31,13,72,60,58,160,28
1019,309,V,Connecticut,3,7,0,0,10,43.5,43.5,170,21.5
1019,310,H,Syracuse,6,14,17,3,40,4,5,-200,1.5
1020,311,V,Nebraska,3,7,6,13,29,6.5,7,-265,6.5
1020,312,H,Northwestern,7,7,7,7,28,62,62.5,225,30.5
1020,313,V,MinnesotaU,6,0,7,0,13,45,46,620,22.5
1020,314,H,Wisconsin,7,7,10,14,38,17.5,17,-920,7.5
1020,315,V,Army,10,7,7,14,38,3,2.5,-140,3.5
1020,316,H,EasternMichigan,14,14,3,17,48,58,62.5,120,33
1020,317,V,BallState,7,17,7,10,41,3.5,3,-160,31.5
1020,318,H,CentralMichigan,0,10,7,13,30,64.5,64,140,pk
1020,319,V,BowlingGreen,7,0,14,3,24,17,19.5,-975,8
1020,320,H,Massachusetts,0,0,0,0,0,51.5,50.5,675,23
1020,321,V,NoIllinois,10,10,10,7,37,14,17.5,-910,7
1020,322,H,Akron,0,7,0,0,7,64.5,64.5,610,31
1020,323,V,Georgia,7,9,6,7,29,27,26,-3540,13.5
1020,324,H,Kentucky,7,7,3,7,24,58,57,1740,28
1020,325,V,WakeForest,7,3,6,0,16,53.5,51.5,140,23.5
1020,326,H,Virginia,0,7,3,0,10,5.5,3,-160,2
1020,327,V,NorthCarolina,3,3,3,21,30,11,10.5,-380,7
1020,328,H,Duke,10,10,3,10,33,61.5,63,310,30.5
1020,329,V,NCState,0,10,7,3,20,5,4,-180,2
1020,330,H,Maryland,3,0,12,3,18,47,44.5,160,20.5
1020,331,V,CincinnatiU,0,13,7,3,23,8,5,180,4.5
1020,332,H,Toledo,10,6,10,3,29,61.5,65,180,31.5
1020,333,V,BostonCollege,0,3,6,8,17,60.5,61,495,27.5
1020,334,H,GeorgiaTech,7,21,3,6,37,14,14,-655,7
1020,335,V,Rutgers,0,0,21,14,35,5,3,-170,3.5
1020,336,H,Temple,7,3,0,0,10,42.5,44.5,150,21
1020,337,V,NewMexico,10,0,7,6,23,57,57,325,27.5
1020,338,H,AirForce,7,7,7,7,28,11,10.5,-415,4
1020,339,V,SanJoseState,28,10,14,0,52,15,11.5,-500,6
1020,340,H,TexSanAntonio,0,10,7,7,24,52.5,55,395,26.5
1020,341,V,NewMexicoState,0,0,7,0,7,52.5,56.5,3995,24
1020,342,H,UtahState,14,14,10,3,41,30,30,-7995,13
1020,343,V,VirginiaTech,7,3,0,7,17,61,63.5,255,30.5
1020,344,H,Clemson,3,14,14,7,38,9.5,7,-305,1
1020,345,V,UNLV,0,0,0,7,7,54,56,2490,24.5
1020,346,H,BoiseState,8,17,7,0,32,28,28,-4890,11
1020,347,V,BYU,0,14,0,0,14,41.5,41,365,20.5
1020,348,H,NotreDame,7,0,3,7,17,13.5,11.5,-465,7
1020,349,V,Alabama,7,16,7,14,44,20,20,-1160,8
1020,350,H,TennesseeU,3,7,0,3,13,56,53.5,760,24.5
1020,351,V,Stanford,7,14,0,0,21,2.5,1,-120,23
1020,352,H,California,0,3,0,0,3,51.5,47,100,pk
1020,353,V,WashingtonU,3,14,0,0,17,62,65.5,270,32.5
1020,354,H,ArizonaU,10,21,14,7,52,6,8.5,-330,3.5
1020,355,V,Purdue,13,0,7,2,22,62,58.5,630,28
1020,356,H,OhioState,7,0,7,8,29,16.5,17,-930,10
1020,357,V,MichiganState,0,0,7,3,10,45,43,300,20.5
1020,358,H,Michigan,0,6,0,6,12,11.5,8,-360,3
1020,359,V,Indiana,10,10,3,7,30,56.5,63,120,31
1020,360,H,Navy,0,14,7,10,31,3,2.5,-140,3
1020,361,V,TexasTech,7,14,0,15,56,56,57,110,30
1020,362,H,TCU,10,10,3,13,53,2.5,2,-130,1
1020,363,V,Colorado,3,3,0,0,6,57.5,57.5,23400,24.5
1020,364,H,USC,19,14,7,10,50,41,39.5,-48600,14.5
1020,365,V,FloridaState,3,10,3,17,33,17.5,21,-1375,10.5
1020,366,H,MiamiFlorida,10,0,3,7,20,56,56,925,24.5
1020,367,V,Utah,0,7,0,0,7,47,46,325,23
1020,368,H,OregonState,7,7,0,7,21,10.5,10,-395,3.5
1020,369,V,KansasState,10,21,21,3,55,71.5,72,125,35
1020,370,H,WestVirginia,0,7,0,7,14,4,2.5,-145,3.5
1020,371,V,LSU,0,14,0,10,24,2,3.5,-155,1.5
1020,372,H,TexasA&M,9,3,0,7,19,56,52.5,135,24.5
1020,373,V,SouthCarolina,3,3,2,3,11,44,41.5,150,1
1020,374,H,Florida,7,14,16,7,44,3,3.5,-170,19
1020,375,V,Auburn,0,10,0,3,13,44,45.5,200,23
1020,376,H,Vanderbilt,7,3,7,0,17,7,7,-240,3
1020,377,V,WesternMichigan,7,3,14,0,24,54,53.5,155,26.5
1020,378,H,KentState,7,10,7,17,41,3.5,3.5,-175,pk
1020,379,V,Marshall,10,21,14,14,59,67,66,155,31.5
1020,380,H,SouthernMiss,3,14,0,7,24,3,4,-180,4.5
1020,381,V,CentralFlorida,14,0,7,14,35,23.5,24,-1790,11
1020,382,H,Memphis,0,10,0,7,17,51,50,1190,24
1020,383,V,SouthFlorida,3,0,7,15,25,52.5,56,200,27
1020,384,H,Louisville,0,14,7,6,27,8,6,-240,1.5
1020,385,V,Idaho,14,7,0,7,28,73.5,73,3995,34.5
1020,386,H,LouisianaTech,35,21,14,0,70,30,30.5,-10895,10
1020,387,V,IowaState,10,0,0,0,10,60,58,465,29
1020,388,H,OklahomaState,7,10,7,7,31,14,14,-590,7
1020,389,V,Kansas,0,0,0,7,7,56.5,55.5,8505,23.5
1020,390,H,Oklahoma,10,28,14,0,52,35,34.5,-25505,13.5
1020,391,V,Baylor,21,10,12,7,50,82,78.5,345,41
1020,392,H,Texas,14,28,7,7,56,10.5,9,-425,3.5
1020,393,V,PittsburghU,6,7,7,0,20,11,9.5,-370,3
1020,394,H,BuffaloU,0,6,0,0,6,53.5,52,310,24
1020,395,V,EastCarolina,7,6,14,15,42,4,2.5,-130,1
1020,396,H,UAB,0,14,7,14,35,54,56,110,28
1020,397,V,PennState,14,10,7,7,38,41,42.5,105,20.5
1020,398,H,Iowa,0,0,0,14,14,2,1.5,-125,1.5
1020,399,V,Rice,7,14,0,3,24,65,59.5,810,30.5
1020,400,H,Tulsa,7,7,7,7,28,21,18.5,-1210,10.5
1020,401,V,Tulane,7,10,0,3,20,50.5,55,445,29.5
1020,402,H,UTEP,7,17,0,0,24,16.5,16,-605,6.5
1020,403,V,Wyoming,0,0,7,7,14,59,59.5,580,25.5
1020,404,H,FresnoState,21,14,0,7,42,15.5,17,-830,7
1020,405,V,SanDiegoState,0,6,8,17,39,65.5,66.5,225,29
1020,406,H,Nevada,3,7,14,7,38,6.5,6.5,-265,3.5
1020,407,V,ULMonroe,0,21,0,14,43,56.5,50,120,0.5
1020,408,H,WesternKentucky,7,21,0,7,42,1.5,2.5,-140,26.5
1020,409,V,MiddleTennSt,0,3,0,0,3,56,58,605,27.5
1020,410,H,MississippiSt,10,0,21,14,45,20.5,18,-905,7.5
1020,411,V,FloridaIntl,21,3,13,0,37,54.5,56.5,210,29
1020,412,H,Troy,7,7,14,10,38,6.5,6.5,-250,5.5
1020,413,V,FloridaAtlantic,14,3,7,7,34,44.5,45,170,23.5
1020,414,H,SouthAlabama,7,7,3,14,37,2.5,4.5,-195,3
1023,101,V,ArkansasState,6,20,14,10,50,61.5,62.5,150,32
1023,102,H,ULLafayette,0,7,7,13,27,4,3.5,-170,4
1025,105,V,Clemson,7,28,0,7,42,13,11,-440,5.5
1025,106,H,WakeForest,0,7,6,0,13,59.5,61.5,340,27.5
1026,107,V,CincinnatiU,10,7,7,7,31,54,53,145,27
1026,108,H,Louisville,7,7,3,14,34,4,3.5,-165,3.5
1026,109,V,Nevada,7,14,7,3,31,2.5,3.5,-175,3.5
1026,110,H,AirForce,10,21,7,10,48,66,68.5,155,37.5
1027,111,V,Navy,14,7,21,14,56,50.5,47.5,135,24
1027,112,H,EastCarolina,0,14,0,14,28,4,3.5,-155,2
1027,113,V,Massachusetts,0,0,0,7,7,48,49.5,6460,22
1027,114,H,Vanderbilt,7,14,28,0,49,32.5,33,-17460,13.5
1027,115,V,Ohio,7,7,3,3,20,7,6.5,-250,3.5
1027,116,H,MiamiOhio,13,7,0,3,23,58,59.5,210,28.5
1027,117,V,BallState,14,3,3,10,30,4.5,3.5,-160,34
1027,118,H,Army,7,3,3,9,22,66,68.5,140,0.5
1027,119,V,Akron,7,0,0,7,14,66,66.5,250,30.5
1027,120,H,CentralMichigan,14,0,14,7,35,6,7.5,-300,3
1027,121,V,EasternMichigan,3,0,0,0,3,52,52,455,24
1027,122,H,BowlingGreen,14,0,7,3,24,14,15,-580,6
1027,123,V,NoIllinois,7,10,14,17,48,6.5,7.5,-310,6
1027,124,H,WesternMichigan,14,7,0,13,34,57,58.5,260,30
1027,125,V,Temple,7,0,10,0,17,48.5,47.5,220,23.5
1027,126,H,PittsburghU,14,17,3,13,47,7,6.5,-260,1.5
1027,127,V,Indiana,7,14,3,7,31,58.5,59,115,29
1027,128,H,Illinois,7,7,3,0,17,2,2,-135,2.5
1027,129,V,Purdue,7,0,14,7,28,3.5,2,-135,3.5
1027,130,H,MinnesotaU,14,20,10,0,44,51,50.5,115,24
1027,131,V,Iowa,3,0,7,7,17,49.5,47.5,175,0.5
1027,132,H,Northwestern,7,7,14,0,28,6,4,-200,23
1027,133,V,Duke,0,7,0,0,7,58,55,2000,23.5
1027,134,H,FloridaState,17,14,14,3,48,25,27,-4000,11
1027,135,V,Maryland,0,0,10,7,17,47,46.5,120,21.5
1027,136,H,BostonCollege,7,3,3,7,20,1,2.5,-140,pk
1027,137,V,MississippiSt,0,0,0,7,7,47.5,45.5,1195,20.5
1027,138,H,Alabama,14,10,0,14,38,23.5,22,-1695,9
1027,139,V,UtahState,7,20,21,0,48,21.5,23.5,-1995,9.5
1027,140,H,TexSanAntonio,3,0,7,7,17,50,52.5,1345,24
1027,141,V,Hawaii,14,7,6,0,27,52.5,51.5,210,27
1027,142,H,ColoradoState,7,21,0,14,42,6,6,-250,1.5
1027,143,V,Baylor,7,7,0,7,21,70,71,120,0.5
1027,144,H,IowaState,7,14,7,7,35,2,2.5,-140,35.5
1027,145,V,TexasA&M,21,21,14,7,63,9,14,-540,4.5
1027,146,H,Auburn,0,7,14,0,21,53,53.5,430,24
1027,147,V,California,3,3,7,14,27,45.5,45,100,0.5
1027,148,H,Utah,14,14,14,7,49,1,2,-120,21
1027,149,V,Texas,7,0,0,14,21,21,17.5,-1000,10.5
1027,150,H,Kansas,0,14,0,3,17,61,60,700,28
1027,151,V,MichiganState,0,3,0,7,16,42,40.5,175,19
1027,152,H,Wisconsin,0,7,0,3,13,5.5,5,-200,1.5
1027,153,V,Colorado,0,0,14,0,14,68,67.5,39000,24
1027,154,H,Oregon,28,28,14,0,70,45.5,47,-81000,14
1027,155,V,NCState,14,14,7,0,35,53.5,54.5,235,30
1027,156,H,NorthCarolina,25,0,0,18,43,7.5,7.5,-275,5.5
1027,157,V,BoiseState,7,10,21,7,45,15,15.5,-660,7
1027,158,H,Wyoming,0,7,0,7,14,51,50.5,500,24.5
1027,159,V,UTEP,0,7,7,21,35,60.5,63.5,470,28
1027,160,H,HoustonU,14,21,10,0,45,13,14,-620,6.5
1027,161,V,BYU,7,17,7,10,41,50.5,50,105,26
1027,162,H,GeorgiaTech,7,7,3,0,17,2,2.5,-125,3
1027,163,V,Florida,0,6,0,3,9,5,6.5,-240,3.5
1027,164,H,Georgia,7,0,3,7,17,48,45,200,21.5
1027,165,V,Kentucky,7,3,0,0,10,48.5,49,440,24
1027,166,H,Missouri,10,7,3,13,33,15,14,-550,7
1027,167,V,UCLA,14,7,14,10,45,55,59.5,190,30.5
1027,168,H,ArizonaState,14,3,9,17,43,7,6,-230,2
1027,169,V,USC,0,21,7,8,36,8,5.5,-230,1.5
1027,170,H,ArizonaU,10,3,13,13,39,63,68,195,34.5
1027,171,V,KentState,7,14,7,7,35,46,46,440,24
1027,172,H,Rutgers,3,7,7,6,23,13,13.5,-550,7.5
1027,173,V,TexasState,7,13,0,0,20,56,55,730,28
1027,174,H,SanJoseState,3,14,14,0,31,19,18,-1030,10
1027,175,V,WashingtonState,0,10,0,7,17,51,51,1455,24.5
1027,176,H,Stanford,3,7,7,7,24,22,25,-2255,13.5
1027,177,V,OhioState,0,7,21,7,35,1.5,1,-125,24
1027,178,H,PennState,0,7,3,13,23,50,51,105,pk
1027,179,V,OregonState,0,0,10,7,17,4,3,-175,4
1027,180,H,WashingtonU,3,7,0,10,20,48.5,48.5,155,22.5
1027,181,V,TexasTech,7,3,7,7,24,62.5,61,230,28.5
1027,182,H,KansasState,3,10,21,21,55,8,7.5,-270,3.5
1027,183,V,Syracuse,3,0,21,13,37,51.5,53.5,135,0.5
1027,184,H,SouthFlorida,10,13,3,10,36,6,3,-155,26.5
1027,185,V,TCU,14,0,0,0,14,61,63,225,28.5
1027,186,H,OklahomaState,3,6,14,13,36,9,7,-265,6
1027,187,V,CentralFlorida,7,20,20,7,54,4,2.5,-135,33
1027,188,H,Marshall,3,7,0,7,17,67.5,66.5,115,pk
1027,189,V,Toledo,7,0,18,0,25,8.5,7,-300,5
1027,190,H,BuffaloU,7,7,0,6,20,58,61,250,29
1027,191,V,TennesseeU,7,7,7,14,35,55.5,54.5,445,27.5
1027,192,H,SouthCarolina,7,21,7,3,38,14,13.5,-555,5
1027,193,V,Mississippi,0,21,3,6,30,60,63.5,205,31.5
1027,194,H,Arkansas,10,7,0,10,27,4.5,6.5,-245,5
1027,195,V,LouisianaTech,7,0,14,7,28,28.5,28.5,-6790,13.5
1027,196,H,NewMexicoState,0,0,0,14,14,75,76.5,3490,34
1027,197,V,NotreDame,7,3,0,20,30,47.5,48,335,24
1027,198,H,Oklahoma,3,3,0,7,13,9.5,11,-415,7
1027,199,V,UAB,7,10,14,14,45,6,5.5,-225,4
1027,200,H,Tulane,14,17,7,17,55,57,59.5,190,29
1027,201,V,Memphis,0,10,3,0,13,50,47.5,940,23.5
1027,202,H,SMU,13,3,7,21,44,20.5,21,-1390,10
1027,203,V,SouthernMiss,3,7,7,0,17,2,57.5,125,pk
1027,204,H,Rice,7,14,17,6,44,58,2.5,-145,29
1027,205,V,Michigan,0,6,3,0,9,56,58.5,-110,28
1027,206,H,Nebraska,0,7,9,7,23,1,1,-110,2
1027,207,V,UNLV,6,0,7,0,13,59,58,690,28
1027,208,H,SanDiegoState,7,7,7,3,24,18,17.5,-990,7
1027,209,V,FresnoState,0,14,21,14,49,12.5,15.5,-625,11
1027,210,H,NewMexico,14,10,0,8,32,55.5,55,475,28
1027,211,V,SouthAlabama,7,7,7,3,24,57.5,54,1025,27.5
1027,212,H,ULMonroe,0,21,7,10,38,24,22.5,-1525,8.5
1027,213,V,WesternKentucky,7,0,0,7,14,7,6,-230,3
1027,214,H,FloridaIntl,3,0,0,3,6,55,51.5,195,24
1027,215,V,NorthTexas,0,0,14,7,21,54.5,58,145,26.5
1027,216,H,MiddleTennSt,17,7,14,0,38,3,3.5,-165,pk
1027,217,V,Troy,0,17,0,10,27,8.5,7,-285,4
1027,218,H,FloridaAtlantic,14,3,9,8,34,53.5,51.5,245,26
1101,303,V,EasternMichigan,7,7,0,0,14,56.5,58.5,500,28.5
1101,304,H,Ohio,7,17,7,14,45,16.5,16,-700,7
1101,305,V,VirginiaTech,3,9,0,0,12,2,1.5,-113,3
1101,306,H,MiamiFlorida,14,6,0,10,30,57,57.5,102,28
1101,307,V,MiddleTennSt,10,7,7,10,34,54,56,300,28.5
1101,308,H,WesternKentucky,7,10,7,5,29,9.5,8.5,-365,4.5
1192,309,V,WashingtonU,7,0,7,7,21,52.5,51.5,155,25.5
1102,310,H,California,0,7,6,0,13,4,4,-175,3
1103,311,V,PennState,10,10,14,0,34,3.5,3.5,-170,0.5
1103,312,H,Purdue,3,0,0,6,9,51.5,49.5,150,24
1103,313,V,AirForce,7,0,0,14,21,7.5,7,-275,6.5
1103,314,H,Army,7,13,15,6,41,61.5,62.5,235,31.5
1103,315,V,Akron,14,10,0,0,24,58,61,735,30.5
1103,316,H,KentState,0,14,14,7,35,20,18.5,-1035,11
1103,317,V,Vanderbilt,7,20,7,6,40,8,7,-260,2.5
1103,318,H,Kentucky,0,0,0,0,0,46,46,220,21.5
1103,319,V,Massachusetts,0,0,0,0,0,56,58,8995,24
1103,320,H,NoIllinois,14,21,21,7,63,36,34.5,-25995,14
1103,321,V,Temple,14,3,0,0,17,51,53.5,545,27
1103,322,H,Louisville,14,17,14,0,45,14,16,-770,7
1103,323,V,BostonCollege,0,7,7,0,14,50,52.5,155,24
1103,324,H,WakeForest,14,7,7,0,28,3,3.5,-175,pk
1103,325,V,HoustonU,0,7,7,14,28,2.5,3,-155,3.5
1103,326,H,EastCarolina,14,14,3,17,48,66.5,68.5,135,31.5
1103,327,V,Iowa,14,0,0,7,21,1.5,54,100,27
1103,328,H,Indiana,3,7,7,7,24,56,2,-120,1
1103,329,V,GeorgiaTech,6,14,7,6,33,6.5,7.5,-300,4
1103,330,H,Maryland,0,0,7,6,13,51,45,250,21
1103,331,V,Clemson,28,14,7,7,56,14.5,12,-460,4
1103,332,H,Duke,10,7,3,0,20,64.5,67,370,35
1103,333,V,Tulsa,0,12,3,0,15,65,63.5,300,30
1103,334,H,Arkansas,10,3,0,6,19,6,9,-360,3.5
1103,335,V,NewMexicoState,0,0,0,7,7,51,48.5,1175,22
1103,336,H,Auburn,0,7,21,14,42,22,24,-1825,10
1103,337,V,Stanford,7,28,10,3,48,27.5,27.5,-4485,10
1103,338,H,Colorado,0,0,0,0,0,53,51.5,2485,23
1103,339,V,TexasState,0,0,7,0,7,52,53,1985,23.5
1103,340,H,UtahState,14,21,3,0,38,24.5,26.5,-2785,10
1103,341,V,Alabama,0,14,0,7,21,9,7.5,-275,3
1103,342,H,LSU,3,0,7,7,17,42.5,38.5,235,19.5
1103,343,V,ColoradoState,7,7,3,14,31,52,52,215,27
1103,344,H,Wyoming,21,7,14,3,45,8.5,6.5,-255,1.5
1103,345,V,Virginia,14,2,7,10,33,49.5,52.5,335,25.5
1103,346,H,NCState,0,0,0,6,6,14,10.5,-415,7
1103,347,V,ArizonaState,16,3,0,7,26,53.5,55.5,150,28
1103,348,H,OregonState,10,9,10,7,36,4,3.5,-170,3
1103,349,V,Missouri,0,7,0,0,7,42.5,41,635,20
1103,350,H,Florida,0,0,7,7,14,15,17.5,-935,10
1103,351,V,Nebraska,7,7,0,14,28,46,44.5,-120,23
1103,352,H,MichiganState,7,7,3,7,24,pk,1,100,pk
1103,353,V,TCU,7,7,7,10,39,71,69,155,34.5
1103,354,H,WestVirginia,0,21,3,7,38,7,4,-175,pk
1103,355,V,Illinois,6,0,8,8,22,53,50.5,1460,23
1103,356,H,OhioState,7,24,7,14,52,24,25,-2460,9.5
1103,357,V,PittsburghU,3,7,10,0,26,45,47.5,605,21.5
1103,358,H,NotreDame,3,3,0,14,29,17.5,16.5,-855,8.5
1103,359,V,TexSanAntonio,14,0,7,6,27,71.5,72,4995,35
1103,360,H,LouisianaTech,14,13,7,17,51,31.5,30.5,-13995,14
1103,361,V,SanJoseState,0,14,14,14,42,16,21.5,-1495,11.5
1103,362,H,Idaho,7,0,6,0,13,56.5,54,995,26
1103,363,V,SMU,3,7,0,7,17,51,50.5,310,24.5
1103,364,H,CentralFlorida,7,14,14,7,42,10,9.5,-370,3.5
1103,365,V,Connecticut,0,3,3,0,6,46,46.5,235,21.5
1103,366,H,SouthFlorida,7,0,0,6,13,9.5,7,-275,3
1103,367,V,WesternMichigan,0,14,0,28,42,2.5,1.5,-125,0.5
1103,368,H,CentralMichigan,6,7,10,8,31,61.5,60.5,105,29.5
1103,369,V,MiamiOhio,0,3,7,14,24,53,53.5,145,23.5
1103,370,H,BuffaloU,0,3,14,10,27,2.5,3,-165,2
1103,371,V,Mississippi,3,7,0,0,10,58.5,62,405,30
1103,372,H,Georgia,0,14,16,7,37,14,13.5,-510,7
1103,373,V,Syracuse,10,7,7,0,24,56,56,175,28.5
1103,374,H,CincinnatiU,7,7,14,7,35,7,5,-200,4.5
1103,375,V,WashingtonState,0,0,0,6,6,49,49,340,22.5
1103,376,H,Utah,14,17,8,10,49,12,10.5,-420,3.5
1103,377,V,UAB,0,0,14,13,27,62,63.5,150,29
1103,378,H,SouthernMiss,0,16,3,0,19,3.5,3.5,-175,1
1103,379,V,Memphis,0,7,7,14,28,65.5,63.5,730,29
1103,380,H,Marshall,10,7,14,7,38,20,20,-1030,8.5
1103,381,V,Michigan,0,14,7,14,35,12.5,9,-330,2.5
1103,382,H,MinnesotaU,0,7,0,6,13,47,46,270,21.5
1103,383,V,OklahomaState,7,10,3,10,30,66,68,240,33.5
1103,384,H,KansasState,7,24,7,6,44,8,7.5,-280,1.5
1103,385,V,Texas,14,10,0,7,31,71,67.5,205,34.5
1103,386,H,TexasTech,7,6,9,0,22,5,6.5,-245,5
1103,387,V,TexasA&M,14,10,7,7,38,3.5,6.5,-250,3
1103,388,H,MississippiSt,0,0,7,6,13,58,61.5,210,29.5
1103,389,V,Kansas,7,7,0,0,14,71,69.5,520,33.5
1103,390,H,Baylor,17,3,14,7,41,17,17,-720,7.5
1103,391,V,Oklahoma,0,14,14,7,35,12.5,13,-540,7
1103,392,H,IowaState,0,6,7,7,20,52,50.5,435,25
1103,393,V,Oregon,14,20,14,14,62,6,8.5,-345,3.5
1103,394,H,USC,3,21,14,13,51,68,72,285,40.5
1103,395,V,Rice,14,14,7,14,49,4.5,7,-265,2.5
1103,396,H,Tulane,7,3,28,9,47,58.5,63.5,225,30.5
1103,397,V,Hawaii,0,3,0,7,10,63.5,61,6995,26.5
1103,398,H,FresnoState,21,21,3,0,45,33.5,32,-20995,11.5
1103,399,V,ArizonaU,0,3,7,0,10,69.5,72,130,1
1103,400,H,UCLA,21,21,10,14,66,1.5,3,-150,30.5
1103,401,V,NewMexico,0,0,7,0,7,56,54,120,0.5
1103,402,H,UNLV,7,14,7,7,35,4,2.5,-140,24
1103,403,V,SanDiegoState,7,0,7,7,21,51.5,49.5,495,24
1103,404,H,BoiseState,6,7,0,6,19,15,16.5,-655,7.5
1103,405,V,FloridaAtlantic,0,10,0,7,17,50,51.5,575,24.5
1103,406,H,Navy,0,14,10,0,24,15,17,-825,8
1103,407,V,FloridaIntl,14,14,0,0,28,4.5,3.5,-175,24
1103,408,H,SouthAlabama,7,0,10,3,20,51,52.5,155,pk
1103,409,V,Troy,10,20,10,8,48,64,69.5,685,37.5
1103,410,H,TennesseeU,21,10,3,21,55,20.5,18.5,-985,8.5
1103,411,V,ArkansasState,10,20,7,0,37,4.5,4.5,-195,1
1103,412,H,NorthTexas,9,3,7,0,19,56.5,59,170,28.5
1103,413,V,ULLafayette,7,14,7,12,40,65.5,60.5,275,30.5
1103,414,H,ULMonroe,10,7,0,7,24,11,9,-335,7
1106,101,,BallState,14,3,7,10,34,67,70,215,36
1106,102,H,Toledo,7,10,3,7,27,7,6.5,-255,6
1107,103,V,BowlingGreen,0,19,0,7,26,49,47.5,120,22.5
1107,104,H,Ohio,7,0,7,0,14,3.5,2.5,-140,2
1108,107,V,FloridaState,3,10,7,8,28,13.5,12.5,-530,6.5
1108,108,H,VirginiaTech,3,7,7,5,22,51.5,49,415,24
1108,109,V,ULMonroe,7,3,7,6,23,59,59.5,250,29.5
1108,110,H,ArkansasState,14,3,21,7,45,6,7.5,-300,3.5
1109,111,V,PittsburghU,0,0,3,14,17,3.5,3.5,-190,4
1109,112,H,Connecticut,10,14,0,0,24,43.5,43.5,165,21
1110,113,V,Northwestern,7,7,10,7,31,52.5,51,300,24.5
1110,114,H,Michigan,7,7,7,10,38,12,8.5,-360,4
1110,115,V,Maryland,0,7,3,0,10,55,55.5,6500,23.5
1110,116,H,Clemson,21,14,3,7,45,28,31.5,-17500,13.5
1110,117,V,WakeForest,0,6,0,0,6,49.5,50,300,23.5
1110,118,H,NCState,17,0,17,3,37,9,9.5,-360,3
1110,119,V,Army,7,0,0,0,7,51.5,53,565,25.5
1110,120,H,Rutgers,0,7,0,21,28,19,17,-790,7
1110,121,V,Louisville,10,3,6,7,26,2.5,1.5,-110,3.5
1110,122,H,Syracuse,10,21,7,7,45,57.5,58.5,-110,30
1110,123,V,MiamiFlorida,14,10,7,9,40,2.5,54,110,pk
1110,124,H,Virginia,21,7,0,13,41,53,1.5,-130,29
1110,125,V,MinnesotaU,0,3,7,7,17,2.5,2.5,-130,2
1110,126,H,Illinois,3,0,0,0,3,47,45,110,21
1110,127,V,Wisconsin,14,10,17,21,62,6.5,7.5,-295,3
1110,128,H,Indiana,0,7,0,7,14,54.5,56.5,245,26
1110,129,V,Purdue,7,7,10,3,27,51,48,185,24
1110,130,H,Iowa,0,7,14,3,24,3.5,5,-215,1.5
1110,131,V,Vanderbilt,3,3,14,7,27,52,50.5,115,pk
1110,132,H,Mississippi,7,9,7,3,26,3,2.5,-135,24
1110,133,V,GeorgiaTech,14,14,30,10,68,66,65,260,34
1110,134,H,NorthCarolina,14,15,14,7,50,8.5,8,-310,3.5
1110,135,V,CentralMichigan,0,10,21,3,34,2.5,3,-135,0.5
1110,136,H,EasternMichigan,14,0,7,10,31,63,62,115,29
1110,137,V,KentState,21,14,3,10,48,6,6.5,-265,3
1110,138,H,MiamiOhio,0,10,8,14,32,55.5,56.5,225,28
1110,139,V,Idaho,7,0,3,3,13,50.5,51,NL,22
1110,140,H,BYU,28,14,0,10,52,37,40,NL,14
1110,141,V,Massachusetts,3,12,0,7,22,60,58.5,505,27
1110,142,H,Akron,0,0,7,7,14,13.5,14.5,-695,9
1110,143,V,WesternMichigan,0,14,7,3,24,3.5,3,-140,1
1110,144,H,BuffaloU,7,10,6,6,29,56.5,54.5,120,27.5
1110,145,V,TexasA&M,20,0,0,9,29,56,55,405,27
1110,146,H,Alabama,0,14,3,7,24,14,13.5,-510,9.5
1110,147,V,Georgia,14,14,10,0,38,15,15,-660,7
1110,148,H,Auburn,0,0,0,0,0,53.5,52,500,23
1110,149,V,PennState,7,13,3,0,23,53,51,330,25
1110,150,H,Nebraska,3,3,14,12,32,8,9,-400,6.5
1110,151,V,NotreDame,7,7,7,0,21,18.5,20,-1210,10
1110,152,H,BostonCollege,0,3,0,3,6,47,49,810,23
1110,153,V,ArizonaState,7,7,3,0,17,64,63.5,330,30.5
1110,154,H,USC,7,7,14,10,38,11,10,-400,6.5
1110,155,V,Utah,8,0,7,0,15,50,1,-120,1.5
1110,156,H,WashingtonU,0,14,13,7,34,2,47,100,23.5
1110,157,V,Wyoming,0,21,0,7,28,55.5,2.5,-140,24
1110,158,H,NewMexico,0,7,10,6,23,pk,50.5,120,pk
1110,159,V,SanJoseState,17,20,10,0,47,20,20.5,-1235,7.5
1110,160,H,NewMexicoState,0,0,0,7,7,56,53,835,23.5
1110,161,V,Oregon,14,10,14,21,59,27,31,-6800,14.5
1110,162,H,California,7,3,7,0,17,67.5,67.5,3500,32.5
1110,163,V,WestVirginia,7,10,17,0,34,79,73.5,365,36.5
1110,164,H,OklahomaState,21,10,10,14,55,7.5,10.5,-455,4
1110,165,V,KansasState,10,3,10,0,23,7.5,7,-265,3
1110,166,H,TCU,0,0,0,10,10,60.5,56.5,225,25
1110,167,V,CincinnatiU,14,10,7,3,34,11,8,-350,3.5
1110,168,H,Temple,3,0,7,0,10,53.5,55.5,290,26
1110,169,V,Missouri,7,0,14,7,51,59,61,145,28
1110,170,H,TennesseeU,7,14,7,0,48,3.5,3.5,-165,1
1110,171,V,IowaState,0,7,0,0,7,57,53,330,26.5
1110,172,H,Texas,14,6,3,10,33,10,10.5,-400,4
1110,173,V,AirForce,3,0,6,0,9,61.5,57.5,230,27
1110,174,H,SanDiegoState,7,7,14,0,28,9.5,7,-270,3
1110,175,V,SouthernMiss,0,6,0,0,6,56.5,50.5,485,23
1110,176,H,SMU,10,17,0,7,34,12.5,14.5,-595,6
1110,177,V,Marshall,7,0,7,17,31,2.5,3,-150,4
1110,178,H,UAB,14,10,7,7,38,71.5,75,130,35
1110,179,V,Tulsa,3,14,7,17,41,2.5,3,-165,0.5
1110,180,H,HoustonU,0,0,0,7,7,71,66,145,29.5
1110,181,V,UNLV,0,0,0,11,11,2.5,52.5,-110,3
1110,182,H,ColoradoState,7,17,3,6,33,54,pk,-110,22.5
1110,183,V,BoiseState,21,14,7,7,49,29,27.5,-4885,11
1110,184,H,Hawaii,7,0,0,7,14,53.5,52.5,2485,24
1110,185,V,UCLA,7,30,7,0,44,15,16,-730,6.5
1110,186,H,WashingtonState,7,0,14,15,36,58.5,62,530,27.5
1110,187,V,CentralFlorida,7,10,0,14,31,12,13.5,-595,6
1110,188,H,UTEP,7,3,0,14,24,51.5,51,470,24
1110,189,V,Colorado,10,7,0,14,31,69,64.5,2990,31.5
1110,190,H,ArizonaU,7,21,21,7,56,31,29,-5990,13.5
1110,191,V,Arkansas,0,10,3,7,20,54.5,51,425,26
1110,192,H,SouthCarolina,7,14,17,0,38,14,14,-530,6
1110,193,V,Kansas,7,10,0,10,34,59.5,55.5,1400,27.5
1110,194,H,TexasTech,7,14,3,3,41,24,24.5,-2200,10
1110,195,V,LouisianaTech,14,27,7,14,62,20,19,-1170,9.5
1110,196,H,TexasState,14,20,7,14,55,70.5,69,770,36
1110,197,V,Baylor,3,14,9,8,34,77,74.5,995,36.5
1110,198,H,Oklahoma,14,14,7,7,42,20,21,-1495,10
1110,199,V,Tulane,10,3,3,7,23,57.5,56,100,27.5
1110,200,H,Memphis,6,10,7,14,37,pk,1,-120,0.5
1110,201,V,OregonState,0,10,13,0,23,47,44.5,145,22
1110,202,H,Stanford,14,0,7,6,27,6.5,3.5,-165,0.5
1110,203,V,MississippiSt,7,3,7,0,17,45,44.5,490,21.5
1110,204,H,LSU,3,17,10,7,37,15,14.5,-665,7
1110,205,V,FresnoState,7,14,23,8,52,3,3,-160,3
1110,206,H,Nevada,7,14,0,15,36,68.5,70,140,36.5
1110,207,V,FloridaAtlantic,0,14,7,16,37,50.5,49,530,24.5
1110,208,H,WesternKentucky,7,7,0,14,28,15.5,16,-730,7.5
1110,209,V,Navy,0,21,7,3,31,1,3,-145,3
1110,210,H,Troy,14,14,3,10,41,57,60.5,125,33
1110,211,V,SouthAlabama,7,7,0,0,14,50,50.5,225,25.5
1110,212,H,NorthTexas,0,14,10,0,24,9.5,7,-265,3.5
1110,213,V,ULLafayette,3,0,14,3,20,51,51,2395,22.5
1110,214,H,Florida,3,7,3,14,27,27,27.5,-4795,13
1110,241,V,McNeeseSt,7,3,0,14,24,1,NL,-110,NL
1110,242,H,TexSanAntonio,0,7,14,10,31,NL,pk,-110,pk
1114,301,V,Ohio,3,14,7,3,27,63,60.5,200,30.5
1114,302,H,BallState,7,14,10,21,52,3.5,5.5,-240,1
1114,303,V,Toledo,7,7,0,10,24,63.5,69.5,310,33
1114,304,H,NoIllinois,0,7,21,3,31,10.5,10,-380,7
1115,307,V,NorthCarolina,7,13,0,17,37,4,3.5,-165,pk
1115,308,H,Virginia,3,7,3,0,13,61,62,145,31
1116,309,V,Hawaii,7,0,0,0,7,63,59,1075,27
1116,310,H,AirForce,0,7,14,0,21,22.5,23.5,-1600,12
1116,311,V,FloridaIntl,7,7,13,7,34,1,51,-102,24
1116,312,H,FloridaAtlantic,0,10,7,7,24,52,pk,-108,pk
1117,313,V,Duke,7,10,7,0,24,68.5,67.5,400,34
1117,314,H,GeorgiaTech,7,14,7,14,42,13,12,-500,6
1117,315,V,Temple,14,14,14,21,63,56.5,57.5,150,28
1117,316,H,Army,0,10,14,8,32,3,3.5,-170,3
1117,317,V,KentState,0,10,7,14,31,47,46.5,120,23
1117,318,H,BowlingGreen,0,10,7,7,24,3,2.5,-140,1
1117,319,V,VirginiaTech,3,0,14,6,30,9,10,-400,6.5
1117,320,H,BostonCollege,3,10,0,10,23,50.5,51.5,320,24
1117,321,V,MinnesotaU,0,0,0,14,14,53.5,51.5,865,23
1117,322,H,Nebraska,10,14,14,0,38,18.5,21,-1200,10
1117,323,V,Arkansas,7,7,0,0,14,55,55,180,27.5
1117,324,H,MississippiSt,7,10,14,14,45,6,5,-220,2
1117,325,V,SouthFlorida,0,3,0,6,9,56,57,220,26
1117,326,H,MiamiFlorida,3,13,14,10,40,6.5,6.5,-260,3
1117,327,V,Purdue,0,6,14,0,20,7,6.5,-260,3
1117,328,H,Illinois,0,3,7,7,17,50.5,49,220,23
1117,329,V,IowaState,10,28,3,10,51,6.5,3.5,-170,NL
1117,330,H,Kansas,7,10,0,6,23,48,45,150,NL
1117,331,V,HoustonU,0,10,14,17,41,76,75,140,37
1117,332,H,Marshall,10,21,7,6,44,3,3.5,-160,0.5
1117,333,V,FloridaState,14,13,7,7,41,31,31.5,NL,14
1117,334,H,Maryland,0,0,7,7,14,45.5,46,NL,20.5
1117,335,V,BuffaloU,0,0,14,15,29,10,12,-460,7
1117,336,H,Massachusetts,3,10,6,0,19,50,49.5,360,24
1117,337,V,Northwestern,3,3,14,3,23,44,47,235,23
1117,338,H,MichiganState,2,3,8,7,20,6.5,7.5,-275,4.5
1117,339,V,NCState,21,3,14,10,48,64,65.5,500,34.5
1117,340,H,Clemson,13,28,21,0,62,17.5,15,-700,6.5
1117,341,V,Rutgers,0,7,0,3,10,47,47.5,200,23
1117,342,H,CincinnatiU,0,0,0,3,3,6.5,6.5,-240,3.5
1117,343,V,Indiana,0,13,9,0,22,55.5,56,600,28
1117,344,H,PennState,7,21,14,3,45,17,16.5,-800,7
1117,345,V,TennesseeU,0,10,0,8,18,60,61.5,120,NL
1117,346,H,Vanderbilt,3,10,21,7,41,3.5,2.5,-140,NL
1117,347,V,MiamiOhio,7,0,3,6,16,63,63,175,30.5
1117,348,H,CentralMichigan,7,14,0,9,30,3,5,-210,0.5
1117,349,V,Memphis,21,7,3,15,46,58.5,56.5,280,27.5
1117,350,H,UAB,0,3,0,6,9,10,9,-340,7
1117,351,V,EasternMichigan,14,3,9,3,29,61.5,62.5,450,31
1117,352,H,WesternMichigan,0,14,3,6,23,13,14,-600,9
1117,353,V,Oklahoma,10,21,7,12,50,10.5,10.5,-400,NL
1117,354,H,WestVirginia,3,14,13,19,49,73,72.5,320,NL
1117,355,V,USC,0,14,6,8,28,4,4.5,-210,7
1117,356,H,UCLA,17,7,7,7,38,65,65,175,34
1117,357,V,ColoradoState,0,0,7,7,14,49.5,49,2500,21
1117,358,H,BoiseState,14,21,7,0,42,28,29.5,-5000,13
1117,359,V,TexasState,0,0,3,7,10,57,56.5,360,26
1117,360,H,Navy,7,0,7,7,21,13,12,-460,6.5
1117,361,V,KansasState,7,10,7,0,24,11,12,-475,NL
1117,362,H,Baylor,14,14,24,0,52,74,75,375,NL
1117,363,V,Nevada,7,14,10,0,31,9.5,10.5,-400,6
1117,364,H,NewMexico,14,3,7,0,24,64,65,320,31
1117,365,V,WakeForest,0,0,0,0,0,43,42,1175,20
1117,366,H,NotreDame,21,10,7,0,38,24,23.5,-1750,9.5
1117,367,V,Stanford,0,7,0,7,17,64.5,67.5,700,NL
1117,368,H,Oregon,0,7,7,0,14,21.5,18.5,-1000,NL
1117,369,V,California,7,0,7,0,14,48,48.5,500,NL
1117,370,H,OregonState,14,21,14,13,62,14.5,16,-700,NL
1117,371,V,SMU,7,0,7,0,14,3.5,3.5,-170,3
1117,372,H,Rice,6,14,3,13,36,57,54.5,150,27
1117,373,V,EastCarolina,0,14,7,7,28,10,10,-380,5.5
1117,374,H,Tulane,7,6,3,7,23,59.5,65.5,310,31.5
1117,375,V,CentralFlorida,0,14,0,7,21,56.5,54.5,101,27
1117,376,H,Tulsa,10,0,13,0,23,3,pk,-111,1
1117,377,V,Iowa,7,3,0,7,17,46.5,47,675,24
1117,378,H,Michigan,7,21,14,0,42,16.5,17,-950,7.5
1117,379,V,WashingtonU,0,7,17,14,38,20,20,-1150,10
1117,380,H,Colorado,0,0,3,0,3,54.5,54.5,850,26
1117,381,V,BYU,7,0,0,7,14,4,3,-140,NL
1117,382,H,SanJoseState,13,7,0,0,20,48.5,47.5,120,NL
1117,383,V,Wyoming,14,14,0,0,28,1,1.5,-111,pk
1117,384,H,UNLV,7,10,0,6,23,53.5,53,101,28
1117,385,V,TexSanAntonio,10,10,0,14,34,6,5,-210,NL
1117,386,H,Idaho,3,0,14,10,27,57,56,175,NL
1117,387,V,ArizonaU,3,14,0,17,34,61.5,63,120,NL
1117,388,H,Utah,0,14,10,0,24,1,3,-140,NL
1117,389,V,Syracuse,3,7,0,21,31,54.5,55,200,NL
1117,390,H,Missouri,14,3,0,10,27,5,6,-240,NL
1117,391,V,TexasTech,0,14,0,7,21,72,73,310,35.5
1117,392,H,OklahomaState,7,28,17,7,59,11,10,-380,3
1117,393,V,UtahState,14,3,24,0,48,2.5,3,-160,34.5
1117,394,H,LouisianaTech,0,3,21,17,41,70.5,73.5,140,0.5
1117,395,V,OhioState,7,7,0,0,21,52.5,51.5,110,24.5
1117,396,H,Wisconsin,0,7,0,7,14,2.5,1,-130,0.5
1117,397,V,Mississippi,14,7,7,7,35,50.5,47.5,704,24.5
1117,398,H,LSU,7,10,3,21,41,19,19,-900,10
1117,399,V,UTEP,3,17,0,14,34,3.5,3.5,-165,NL
1117,400,H,SouthernMiss,10,7,3,13,33,50,49,145,NL
1117,401,V,WashingtonState,0,0,0,7,7,62,60.5,1025,26.5
1117,402,H,ArizonaState,18,14,14,0,46,20,22.5,-1450,9.5
1117,403,V,ArkansasState,13,7,14,7,41,3,3,-180,NL
1117,404,H,Troy,7,10,6,11,34,66,68,160,NL
1117,405,V,NorthTexas,0,3,7,6,16,57.5,57.5,330,NL
1117,406,H,ULMonroe,7,7,7,21,42,9.5,10,-420,NL
1117,407,V,MiddleTennSt,7,3,7,3,20,10,7,-280,NL
1117,408,H,SouthAlabama,3,3,6,0,12,56,56,240,NL
1117,409,V,WesternKentucky,0,10,3,14,27,57,57.5,165,NL
1117,410,H,ULLafayette,0,10,7,14,31,3.5,4.5,-190,NL
1117,441,V,WesternCarolina,0,0,0,0,0,NL,NL,NL,NL
1117,442,H,Alabama,21,21,7,0,49,50,56,NL,NL
1117,443,V,GeorgiaSouthern,0,7,0,7,14,NL,NL,NL,NL
1117,444,H,Georgia,7,10,21,7,45,35.5,32,NL,NL
1117,445,V,Wofford,0,7,0,0,7,NL,NL,NL,NL
1117,446,H,SouthCarolina,0,7,0,17,24,31,30,NL,NL
1117,447,V,JacksonvilleSt,0,0,0,0,0,NL,NL,NL,NL
1117,448,H,Florida,10,0,7,6,23,34,37.5,NL,NL
1117,449,V,AlabamaA&M,0,0,7,0,7,NL,NL,NL,NL
1117,450,H,Auburn,21,14,0,16,51,29,30.5,NL,NL
1117,451,V,Samford,0,3,0,0,3,NL,NL,NL,NL
1117,452,H,Kentucky,14,17,3,0,34,15,12.5,NL,NL
1117,453,V,SamHoustonSt,0,0,7,21,28,NL,NL,NL,NL
1117,454,H,TexasA&M,7,27,13,0,47,39.5,33.5,NL,NL
1120,101,V,Akron,10,7,0,6,23,64,62.5,638,31.5
1120,102,H,Toledo,0,21,0,14,35,18.5,17,-800,9.5
1122,109,V,TCU,7,7,3,3,20,58,54.5,255,26
1122,110,H,Texas,3,0,3,7,13,8,7.5,-310,6
1123,111,V,Nebraska,3,0,10,0,13,14.5,14.5,-700,7.5
1123,112,H,Iowa,7,0,0,0,7,53,48.5,500,21
1123,113,V,BuffaloU,0,0,0,7,7,44,42,290,20.5
1123,114,H,BowlingGreen,0,14,7,0,21,9,8.5,-350,3
1123,115,V,CentralMichigan,7,7,14,14,42,11,10.5,-420,7
1123,116,H,Massachusetts,0,14,7,0,21,56.5,55.5,330,28
1123,117,V,BallState,14,7,10,0,31,7,8,-320,3
1123,118,H,MiamiOhio,7,7,0,10,24,61.5,60.5,260,30
1123,119,V,Syracuse,0,17,7,14,38,9,7.5,-320,3.5
1123,120,H,Temple,10,3,7,0,20,56.5,58,260,28.5
1123,121,V,NoIllinois,14,14,7,14,49,20,20.5,-1120,8
1123,122,H,EasternMichigan,7,0,0,0,7,61.5,60,836,27
1123,123,V,SouthFlorida,0,0,3,7,10,48,50.5,450,21.5
1123,124,H,CincinnatiU,7,6,7,7,27,13,14,-600,7
1123,125,V,Marshall,7,21,7,17,59,72,71,200,39.5
1123,126,H,EastCarolina,14,21,7,10,65,4.5,6.5,-240,1.5
1123,127,V,Ohio,3,3,0,0,6,60,60,300,27
1123,128,H,KentState,21,0,0,7,28,10,9.5,-360,3
1123,129,V,LSU,3,7,7,3,20,12.5,12,-450,4.5
1123,130,H,Arkansas,0,0,10,3,13,51,52,350,24
1123,131,V,Utah,10,7,3,22,42,22,23.5,-1825,9.5
1123,132,H,Colorado,7,7,14,7,35,53,50,1175,24
1123,133,V,WestVirginia,3,14,3,11,31,1,3,-150,0.5
1123,134,H,IowaState,0,14,7,3,24,68.5,65.5,130,32.5
1123,135,V,WashingtonU,0,7,21,0,28,10,14,-550,7.5
1123,136,H,WashingtonState,3,7,0,18,31,51,51,425,24.5
1123,137,V,ArizonaState,0,14,3,24,41,68.5,71.5,120,35
1123,138,H,ArizonaU,6,3,18,7,34,3,2.5,-140,1.5
1124,139,V,Michigan,7,14,0,0,21,54.5,52,175,26
1124,140,H,OhioState,10,10,3,3,26,5,4,-195,3
1124,141,V,Vanderbilt,7,21,13,14,55,10,13,-475,6
1124,142,H,WakeForest,7,0,7,7,21,46.5,47,375,23
1124,143,V,Connecticut,3,7,0,0,23,44.5,46.5,350,20.5
1124,144,H,Louisville,0,0,0,10,20,13,10.5,-420,5.5
1124,145,V,GeorgiaTech,3,0,0,7,10,64.5,64,465,28.5
1124,146,H,Georgia,14,14,14,0,42,13,14.5,-655,6.5
1124,147,V,Maryland,7,21,7,3,38,54,53.5,1505,28.5
1124,148,H,NorthCarolina,14,7,24,0,45,22.5,25,-2305,13.5
1124,149,V,Virginia,0,7,7,0,14,49.5,48,-365,23.5
1124,150,H,VirginiaTech,0,7,7,3,17,10.5,10,-365,4
1124,151,V,MichiganState,6,7,3,10,26,8.5,7.5,-315,3.5
1124,152,H,MinnesotaU,7,0,3,0,10,38,39.5,265,17.5
1124,153,V,MiamiFlorida,14,14,17,7,52,5,6,-215,3
1124,154,H,Duke,3,7,14,21,45,63,70,180,33.5
1124,155,V,Illinois,7,7,0,0,14,50.5,50,855,24
1124,156,H,Northwestern,10,17,21,2,50,18.5,19,-1305,7
1124,157,V,BostonCollege,3,0,7,0,10,52.5,56.5,440,27
1124,158,H,NCState,0,14,13,0,27,13.5,14,-550,5.5
1124,159,V,Kentucky,7,7,3,0,17,61,61,495,31
1124,160,H,TennesseeU,14,6,14,3,37,15.5,14,-645,7
1124,161,V,Wisconsin,14,0,0,7,21,45,44,-105,22
1124,162,H,PennState,7,0,6,8,24,2,1.5,-115,0.5
1124,163,V,Rutgers,0,0,6,0,6,43.5,43.5,100,pk
1124,164,H,PittsburghU,0,21,3,3,27,2,1,-120,20.5
1124,165,V,Indiana,7,14,7,7,35,63,63,195,31.5
1124,166,H,Purdue,14,0,21,21,56,5.5,5.5,-235,3.5
1124,167,V,TexasState,7,7,10,7,31,2,1,-115,1.5
1124,168,H,TexSanAntonio,17,7,7,7,38,56,54.5,-105,27.5
1124,169,V,Idaho,0,6,3,0,9,57.5,57,21450,26.5
1124,170,H,UtahState,14,7,7,17,45,39,37.5,-44550,14.5
1124,171,V,SanDiegoState,7,14,14,7,42,7,7,-275,4.5
1124,172,H,Wyoming,7,21,0,0,28,57.5,55,235,28
1124,173,V,TexasTech,14,7,10,14,45,78,80,135,41
1124,174,H,Baylor,7,7,14,17,52,2,3,-155,2.5
1124,175,V,Auburn,0,0,0,0,0,46.5,46.5,6985,20
1124,176,H,Alabama,14,28,7,0,49,33,34,-20985,13
1124,177,V,MississippiSt,14,3,0,7,24,54.5,53.5,-110,pk
1124,178,H,Mississippi,7,10,17,7,41,1.5,pk,-110,27.5
1124,179,V,Stanford,7,14,14,0,35,53,3,-145,24.5
1124,180,H,UCLA,7,3,7,0,17,pk,50.5,125,0.5
1124,181,V,BYU,0,20,10,20,50,29.5,27.5,-4395,13.5
1124,182,H,NewMexicoState,0,7,7,0,14,48.5,48,1995,24
1124,183,V,AirForce,0,7,0,8,15,60.5,60.5,540,28
1124,184,H,FresnoState,21,10,14,3,48,16.5,16.5,-765,7
1124,185,V,OklahomaState,14,10,14,7,48,72.5,70.5,220,35.5
1124,186,H,Oklahoma,3,21,6,15,51,7.5,6.5,-260,3.5
1124,187,V,Missouri,0,7,9,13,29,61,59.5,1115,27.5
1124,188,H,TexasA&M,21,21,10,7,59,19,23,-1715,9
1124,189,V,Oregon,6,14,14,14,48,11,11,-445,5
1124,190,H,OregonState,7,3,7,7,24,64.5,66.5,355,32.5
1124,191,V,Tulsa,0,6,6,15,27,5.5,5.5,-225,4
1124,192,H,SMU,7,21,7,0,35,54.5,50.5,190,25
1124,193,V,Florida,3,10,0,24,37,44.5,41.5,245,19
1124,194,H,FloridaState,0,3,17,6,26,8,7,-285,6
1124,195,V,LouisianaTech,6,21,10,6,43,75,76.5,150,41.5
1124,196,H,SanJoseState,10,14,14,14,52,3,3,-170,1.5
1124,197,V,SouthernMiss,3,7,0,14,24,53.5,50,155,24.5
1124,198,H,Memphis,0,21,21,0,42,3.5,3.5,-175,0.5
1124,199,V,Tulane,0,7,10,0,17,68,67,350,32
1124,200,H,HoustonU,17,3,7,13,40,13.5,12.5,-440,5
1124,201,V,NewMexico,7,0,3,10,20,53.5,54,160,25.5
1124,202,H,ColoradoState,14,3,0,7,24,2.5,3.5,-180,0.5
1124,203,V,Rice,3,14,3,13,33,56,56.5,-105,pk
1124,204,H,UTEP,7,7,7,3,24,2,1,-115,28
1124,205,V,SouthCarolina,7,3,10,7,27,61.5,61.5,220,29.5
1124,206,H,Clemson,14,0,3,0,17,5,6.5,-260,3
1124,207,V,UAB,0,10,7,7,24,58,57.5,910,28
1124,208,H,CentralFlorida,14,21,7,7,49,22,21.5,-1360,7.5
1124,209,V,NotreDame,10,6,3,3,22,5,4,-195,pk
1124,210,H,USC,0,10,0,3,13,46,47,175,23.5
1124,211,V,UNLV,0,0,0,10,10,4,3,-135,3
1124,212,H,Hawaii,7,24,3,14,48,54,54,115,24.5
1124,213,V,NorthTexas,7,10,7,0,24,50,51,355,24.5
1124,214,H,WesternKentucky,7,3,0,15,25,11,11.5,-455,7
1124,215,V,Troy,7,0,7,7,21,66,69.5,120,33.5
1124,216,H,MiddleTennSt,10,3,3,8,24,3,3,-140,0.5
1124,217,V,SouthAlabama,7,9,7,7,30,56,56,840,28
1124,218,H,ULLafayette,17,7,14,14,52,18.5,18,-1240,9
1124,219,V,ULMonroe,7,3,7,0,23,6,3.5,-170,1.5
1124,220,H,FloridaIntl,0,7,3,7,17,62.5,61,150,28.5
1129,303,V,Louisville,0,3,14,3,20,43.5,43,140,21
1129,304,H,Rutgers,7,7,0,3,17,2.5,3.5,-160,pk
1130,305,V,NoIllinois,3,14,10,7,44,5,8,-290,3.5
1130,306,H,KentState,10,0,3,21,37,58,60,245,28.5
1130,307,V,UCLA,14,0,10,0,24,51.5,47,310,23.5
1130,308,H,Stanford,7,10,0,10,27,10.5,8.5,-380,4
1201,309,V,CincinnatiU,7,7,7,13,34,5.5,3.5,-170,pk
1201,310,H,Connecticut,0,10,7,0,17,40.5,41,150,21.5
1201,311,V,PittsburghU,7,6,14,0,27,5.5,7,-300,3
1201,312,H,SouthFlorida,0,0,0,3,3,46.5,46.5,250,20.5
1201,313,V,Oklahoma,7,7,10,0,24,7,6.5,-275,3.5
1201,314,H,TCU,0,7,7,3,17,60.5,54.5,235,24
1201,315,V,Texas,0,10,7,7,24,63.5,59.5,340,27
1201,316,H,KansasState,7,0,14,21,42,10.5,10.5,-420,7
1201,317,V,OklahomaState,3,14,3,14,34,4.5,4,-165,3.5
1201,318,H,Baylor,17,14,3,7,41,86,88,145,44.5
1201,319,V,BoiseState,7,10,7,3,27,8.5,8,-315,2.5
1201,320,H,Nevada,0,0,7,14,21,59.5,54.5,265,24
1201,321,V,Kansas,0,7,0,3,10,70.5,70.5,1025,33.5
1201,322,H,WestVirginia,14,21,17,7,59,20,21.5,-1525,9.5
1201,323,V,NewMexicoState,21,7,0,0,28,57,56.5,420,31
1201,324,H,TexasState,14,35,3,14,66,12.5,13.5,-530,6.5
1201,325,V,MiddleTennSt,0,0,0,0,0,62.5,64,440,28
1201,326,H,ArkansasState,21,14,7,3,45,10.5,13.5,-550,6
1201,327,V,ULLafayette,7,14,7,7,35,9.5,8.5,-345,3
1201,328,H,FloridaAtlantic,14,0,0,7,21,60,61,285,30.5
1201,329,V,SouthAlabama,0,0,0,7,7,54,52,260,23.5
1201,330,H,Hawaii,10,6,7,0,23,3.5,7.5,-310,6
1201,331,V,CentralFlorida,0,14,13,0,27,56,53,125,24.5
1201,332,H,Tulsa,7,14,0,6,33,1,3,-145,pk
1201,333,N,Alabama,0,10,8,14,32,7.5,9,-325,5.5
1201,334,N,Georgia,0,7,14,7,28,50.5,49.5,265,23
1201,335,N,FloridaState,7,14,0,0,21,13,15.5,-590,7.5
1201,336,N,GeorgiaTech,0,6,3,6,15,63.5,59.5,465,27.5
1201,337,N,Nebraska,10,0,7,14,31,3,3.5,-170,3.5
1201,338,N,Wisconsin,21,21,21,7,70,49,51,150,24.5
1201,371,V,NichollsSt,0,0,3,0,3,NL,NL,45500,NL
1201,372,H,OregonState,14,21,14,28,77,50,49.5,-94500,21
1207,103,N,Navy,0,10,0,7,17,7.5,7,-290,4
1207,104,N,Army,0,10,3,0,13,57,55.5,245,27.5
1215,201,N,Nevada,21,10,14,3,48,76,80,285,45
1215,202,N,ArizonaU,7,21,0,21,49,9,8.5,-345,7
1215,203,N,Toledo,3,3,0,9,15,57.5,59.5,335,28
1215,204,N,UtahState,7,3,3,28,41,10,10,-425,6
1220,205,V,BYU,0,3,0,20,23,3,3,-165,3
1220,206,H,SanDiegoState,3,3,0,0,6,50,45.5,145,21.5
1221,207,N,BallState,0,7,3,7,17,63,60,245,28.5
1221,208,N,CentralFlorida,13,15,7,3,38,7.5,7,-300,2.5
1222,209,N,EastCarolina,0,21,10,3,34,64,69.5,190,37.5
1222,210,N,ULLafayette,7,24,6,6,43,5.5,6.5,-230,3
1222,211,N,WashingtonU,3,14,6,3,26,46,44,165,23.5
1222,212,N,BoiseState,9,9,7,3,28,5,4,-190,2.5
1224,213,N,SMU,0,22,7,14,43,59.5,63,430,30
1224,214,N,FresnoState,0,0,7,3,10,10.5,13.5,-560,9
1226,215,N,CentralMichigan,14,3,0,7,24,60,55.5,200,27.5
1226,216,N,WesternKentucky,7,7,7,0,21,6,6,-240,3
1227,217,N,BowlingGreen,3,3,7,7,20,47,46,245,23
1227,218,N,SanJoseState,7,3,9,10,29,7.5,7,-290,3
1227,219,N,CincinnatiU,3,14,10,21,48,7.5,8.5,-330,6.5
1227,220,N,Duke,16,0,8,10,34,58,62.5,270,32
1227,221,N,Baylor,14,21,7,7,49,78,81,125,39.5
1227,222,N,UCLA,0,10,3,13,26,2,3,-145,3
1228,223,N,Ohio,14,10,14,7,45,61,59,220,29
1228,224,N,ULMonroe,0,7,7,0,14,6.5,7,-260,6
1228,225,N,Rutgers,10,0,0,0,10,41.5,42,-110,20
1228,226,N,VirginiaTech,0,0,0,10,13,2,pk,-110,0.5
1228,227,N,MinnesotaU,10,7,7,7,31,57,55,395,28.5
1228,228,N,TexasTech,14,10,0,10,34,12.5,13,-500,6.5
1229,231,N,Navy,0,7,7,14,28,60.5,61,-115,28.5
1229,232,N,ArizonaState,21,13,28,0,62,pk,pk,-105,0.5
1229,233,N,WestVirginia,0,7,7,0,14,56,54.5,400,27.5
1229,234,N,Syracuse,3,9,23,3,38,14.5,13,-500,6.5
1229,235,N,OregonState,10,10,7,0,27,3.5,4,-185,2.5
1229,236,N,Texas,3,7,7,14,31,73.5,70.5,165,29
1229,237,N,TCU,7,6,0,3,16,1,3,-160,1.5
1229,238,N,MichiganState,0,0,7,10,17,56.5,57,140,27.5
1231,239,V,NCState,0,14,0,10,24,51.5,54,250,27
1231,240,H,Vanderbilt,7,21,3,7,38,6.5,7.5,-300,pk
1231,241,N,GeorgiaTech,0,7,7,7,21,66,63,250,27.5
1231,242,N,USC,0,7,0,0,7,10,7.5,-300,4
1231,243,N,IowaState,17,0,0,0,17,1,50.5,115,24.5
1231,244,N,Tulsa,7,14,7,3,31,52,1.5,-135,1.5
1231,245,N,Clemson,7,6,0,12,25,58.5,57.5,175,28
1231,246,N,LSU,7,7,10,0,24,3.5,5.5,-210,3
101,247,N,Purdue,0,0,7,7,14,70,69,610,29.5
101,248,N,OklahomaState,14,14,17,13,58,17,17.5,-820,7
101,249,N,Northwestern,10,3,14,7,34,51.5,1.5,-130,pk
101,250,N,MississippiSt,0,10,3,7,20,2,54.5,110,26
101,251,N,Michigan,3,10,9,6,28,48,47.5,175,24
101,252,N,SouthCarolina,14,7,0,12,33,3.5,5.5,-215,1
101,253,N,Nebraska,14,10,7,0,31,57,62,320,33.5
101,254,N,Georgia,16,7,8,14,45,9.5,9.5,-400,5
101,255,N,Wisconsin,0,14,0,0,14,47.5,46.5,165,23.5
101,256,N,Stanford,14,3,0,3,20,6.5,4.5,-190,1.5
101,257,N,NoIllinois,3,0,7,0,10,58,58.5,450,27
101,258,N,FloridaState,7,7,3,14,31,14,14.5,-600,9.5
102,259,N,Louisville,14,10,6,3,33,45.5,47,450,24
102,260,N,Florida,0,10,0,13,23,13.5,14,-600,9
103,261,N,KansasState,0,10,0,7,17,75,74,250,35.5
103,262,N,Oregon,15,7,10,3,35,7.5,7.5,-300,3
104,263,N,TexasA&M,7,7,20,7,41,4.5,3,-150,2
104,264,N,Oklahoma,3,10,0,0,13,71.5,72,130,35.5
105,265,N,PittsburghU,0,10,0,7,17,52,54,165,26
105,266,N,Mississippi,14,10,7,7,38,3,4.5,-190,1.5
106,267,N,ArkansasState,0,14,3,0,17,5,2.5,-125,pk
106,268,N,KentState,0,10,3,0,13,61,64.5,105,31.5
107,269,N,Alabama,14,14,7,7,42,9.5,9.5,-310,7
107,270,N,NotreDame,0,0,7,7,14,42,40,255,18
